Country,Year,Type,Value,Sector,Dept,Programme,Name,Notes,Change,,,,,,,
Papua New Guinea,2012,aggr,10943900 ,,,,Total Expenditure and Net Lending,,,,,,,,,
Papua New Guinea,2013,aggr,13218700 ,,,,Total Expenditure and Net Lending,,0.2,,,,,,,
Papua New Guinea,2014,aggr,15041500 ,,,,Total Expenditure and Net Lending,,0.1,,,,,,,
Papua New Guinea,2012,aggr,900000 , health ,,,Health Spending,,,,,,,,,
Papua New Guinea,2013,aggr,1089000 , health ,,,Health Spending,,0.2,,,,,,,
Papua New Guinea,2014,aggr,1382300 , health ,,,Health Spending,,0.3,,,,,,,
Papua New Guinea,2012,aggr,15890, health ,520,,National AIDS Council Secretariat,,,,,,,,,
Papua New Guinea,2013,aggr,25503, health ,520,,National AIDS Council Secretariat,,0.6,,,,,,,
Papua New Guinea,2014,aggr,27281, health ,520,,National AIDS Council Secretariat,,0.1,,,,,,,
Papua New Guinea,2012,aggr,15746, health ,520,,Institute of Medical Research,,,,,,,,,
Papua New Guinea,2013,aggr,10702, health ,520,,Institute of Medical Research,,-0.3,,,,,,,
Papua New Guinea,2014,aggr,11702, health ,520,,Institute of Medical Research,,0.1,,,,,,,
Papua New Guinea,2012,aggr,0, health ,207,,Treasury and Misc,,,,,,,,,
Papua New Guinea,2013,aggr,95100, health ,207,,Treasury and Misc,,0.0,,,,,,,
Papua New Guinea,2014,aggr,78300, health ,207,,Treasury and Misc,,-0.2,,,,,,,
Papua New Guinea,2012,aggr,0, health ,207,2071,Primary Health and Hospital Services,,,,,,,,,
Papua New Guinea,2012,aggr,0, health ,207,2072,Free Primary Healthcare,,,,,,,,,
Papua New Guinea,2012,aggr,0, health ,207,2073,Hospital Design for Central & Hela Provinces,,,,,,,,,
Papua New Guinea,2012,aggr,0, health ,207,2074,Outstanding Allowances for Health Extension Officers,,,,,,,,,
Papua New Guinea,2012,aggr,0, health ,207,2075,"Provincial Health Authorities (Milne Bay, EHP,WHP)",,,,,,,,,
Papua New Guinea,2012,aggr,0, health ,207,2076,Hospital Management Services Awards- different Health Worker,,,,,,,,,
Papua New Guinea,2012,aggr,0, health ,207,2077,Kunjip Hospital Redevelopment,,,,,,,,,
Papua New Guinea,2013,aggr,0, health ,207,2071,Primary Health and Hospital Services,,,,,,,,,
Papua New Guinea,2013,aggr,20000, health ,207,2072,Free Primary Healthcare,,,,,,,,,
Papua New Guinea,2013,aggr,0, health ,207,2073,Hospital Design for Central & Hela Provinces,,,,,,,,,
Papua New Guinea,2013,aggr,20100, health ,207,2074,Outstanding Allowances for Health Extension Officers,,,,,,,,,
Papua New Guinea,2013,aggr,25000, health ,207,2075,"Provincial Health Authorities (Milne Bay, EHP,WHP)",,,,,,,,,
Papua New Guinea,2013,aggr,30000, health ,207,2076,Hospital Management Services Awards- different Health Worker,,,,,,,,,
Papua New Guinea,2013,aggr,0, health ,207,2077,Kunjip Hospital Redevelopment,,,,,,,,,
Papua New Guinea,2014,aggr,31300, health ,207,2071,Primary Health and Hospital Services,,,,,,,,,
Papua New Guinea,2014,aggr,20000, health ,207,2072,Free Primary Healthcare,,,,,,,,,
Papua New Guinea,2014,aggr,8000, health ,207,2073,Hospital Design for Central & Hela Provinces,,,,,,,,,
Papua New Guinea,2014,aggr,, health ,207,2074,Outstanding Allowances for Health Extension Officers,,,,,,,,,
Papua New Guinea,2014,aggr,15000, health ,207,2075,"Provincial Health Authorities (Milne Bay, EHP,WHP)",,,,,,,,,
Papua New Guinea,2014,aggr,, health ,207,2076,Hospital Management Services Awards- different Health Worker,,,,,,,,,
Papua New Guinea,2014,aggr,4000, health ,207,2077,Kunjip Hospital Redevelopment,,,,,,,,,
Papua New Guinea,2012,aggr,248600, health ,240,,Dept of Health,,,,,,,,,
Papua New Guinea,2013,aggr,422763, health ,240,,Dept of Health,,0.7,,,,,,,
Papua New Guinea,2014,aggr,666262, health ,240,,Dept of Health,,0.6,,,,,,,
Papua New Guinea,2012,aggr,6076, health ,240,2401,Disease Control,,,,,,,,,
Papua New Guinea,2012,aggr,859, health ,240,2402,Environmental Health and Water Supply,,,,,,,,,
Papua New Guinea,2012,aggr,2166, health ,240,2403,Family Health Services,,,,,,,,,
Papua New Guinea,2012,aggr,671, health ,240,2404,Health Promotion and Education,,,,,,,,,
Papua New Guinea,2012,aggr,27909, health ,240,2405,Human Resource Development,,,,,,,,,
Papua New Guinea,2012,aggr,121668, health ,240,2406,Medical Supplies and Equipment,,,,,,,,,
Papua New Guinea,2012,aggr,0, health ,240,2407,Rural Health Support Services,,,,,,,,,
Papua New Guinea,2012,aggr,51926, health ,240,2408,Top Management and General administration,,,,,,,,,
Papua New Guinea,2012,aggr,30365, health ,240,2409,Urban Health Facilities,,,,,,,,,
Papua New Guinea,2012,aggr,0, health ,240,24091,Hiv / Aids,,,,,,,,,
Papua New Guinea,2012,aggr,6960, health ,240,24092,Rural Health Support Services,,,,,,,,,
Papua New Guinea,2013,aggr,7233, health ,240,2401,Disease Control,,,,,,,,,
Papua New Guinea,2013,aggr,1209, health ,240,2402,Environmental Health and Water Supply,,,,,,,,,
Papua New Guinea,2013,aggr,3016, health ,240,2403,Family Health Services,,,,,,,,,
Papua New Guinea,2013,aggr,23003, health ,240,2404,Health Promotion and Education,,,,,,,,,
Papua New Guinea,2013,aggr,33715, health ,240,2405,Human Resource Development,,,,,,,,,
Papua New Guinea,2013,aggr,164695, health ,240,2406,Medical Supplies and Equipment,,,,,,,,,
Papua New Guinea,2013,aggr,0, health ,240,2407,Rural Health Support Services,,,,,,,,,
Papua New Guinea,2013,aggr,94050, health ,240,2408,Top Management and General administration,,,,,,,,,
Papua New Guinea,2013,aggr,33220, health ,240,2409,Urban Health Facilities,,,,,,,,,
Papua New Guinea,2013,aggr,38292, health ,240,24091,Hiv / Aids,,,,,,,,,
Papua New Guinea,2013,aggr,24330, health ,240,24092,Rural Health Support Services,,,,,,,,,
Papua New Guinea,2014,aggr,9373, health ,240,2401,Disease Control,,,,,,,,,
Papua New Guinea,2014,aggr,1459, health ,240,2402,Environmental Health and Water Supply,,,,,,,,,
Papua New Guinea,2014,aggr,3039, health ,240,2403,Family Health Services,,,,,,,,,
Papua New Guinea,2014,aggr,5989, health ,240,2404,Health Promotion and Education,,,,,,,,,
Papua New Guinea,2014,aggr,45446, health ,240,2405,Human Resource Development,,,,,,,,,
Papua New Guinea,2014,aggr,192565, health ,240,2406,Medical Supplies and Equipment,,,,,,,,,
Papua New Guinea,2014,aggr,65236, health ,240,2407,Rural Health Support Services,,,,,,,,,
Papua New Guinea,2014,aggr,165281, health ,240,2408,Top Management and General administration,,,,,,,,,
Papua New Guinea,2014,aggr,30157, health ,240,2409,Urban Health Facilities,,,,,,,,,
Papua New Guinea,2014,aggr,118226, health ,240,24091,Hiv / Aids,,,,,,,,,
Papua New Guinea,2014,aggr,29490, health ,240,24092,Rural Health Support Services,,,,,,,,,
Papua New Guinea,2012,aggr,433573, health ,241,,Hospital Management Services,,,,,,,,,
Papua New Guinea,2013,aggr,510553, health ,241,,Hospital Management Services,,0.2,,,,,,,
Papua New Guinea,2014,aggr,598601, health ,241,,Hospital Management Services,,0.2,,,,,,,
Papua New Guinea,2012,aggr,87946,health,241,2412,Church Health Services,,,,,,,,,
Papua New Guinea,2012,aggr,301934,health,241,2413,Hospital Services,,,,,,,,,
Papua New Guinea,2012,aggr,43692,health,241,2414,Provincial Health Authority,,,,,,,,,
Papua New Guinea,2013,aggr,94420,health,241,2412,Church Health Services,,,,,,,,,
Papua New Guinea,2013,aggr,336804,health,241,2413,Hospital Services,,,,,,,,,
Papua New Guinea,2013,aggr,79329,health,241,2414,Provincial Health Authority,,,,,,,,,
Papua New Guinea,2014,aggr,106300,health,241,2412,Church Health Services,,,,,,,,,
Papua New Guinea,2014,aggr,407589,health,241,2413,Hospital Services,,,,,,,,,
Papua New Guinea,2014,aggr,84713,health,241,2414,Provincial Health Authority,,,,,,,,,
Papua New Guinea,2012,aggr,768653.8,education,,,Education Spending,,,,,,,,,
Papua New Guinea,2013,aggr,1343000,education,,,Education Spending,,0.7,,,,,,,
Papua New Guinea,2014,aggr,1501700,education,,,Education Spending,,0.1,,,,,,,
Papua New Guinea,2012,aggr,0,education,207, ,Treasury and Misc,,,,,,,,,
Papua New Guinea,2013,aggr,0,education,207,,Treasury and Misc,,,,,,,,,
Papua New Guinea,2014,aggr,3000000,education,207,,Treasury and Misc,,,,,,,,,
Papua New Guinea,2012,aggr,83287,education,236, ,Office of Higher Education,,,,,,,,,
Papua New Guinea,2013,aggr,71551,education,236,,Office of Higher Education,,-0.1,,,,,,,
Papua New Guinea,2014,aggr,210208,education,236,,Office of Higher Education,,1.9,,,,,,,
Papua New Guinea,2012,aggr,0,education,236,2361,"Research, Science & Technology Council",,,,,,,,,
Papua New Guinea,2012,aggr,0,education,236,2362,2013 Joint Understanding: Rehabilitation of UPNG,,,,,,,,,
Papua New Guinea,2012,aggr,0,education,236,2363,West Pacific University,,,,,,,,,
Papua New Guinea,2012,aggr,0,education,236,2364,Science Research Council,,,,,,,,,
Papua New Guinea,2012,aggr,0,education,236,2365,National Open University,,,,,,,,,
Papua New Guinea,2012,aggr,7303.9,education,236,2366,Office of Higher Education,,,,,,,,,
Papua New Guinea,2012,aggr,308,education,236,2367,Minister's Admin Support Services,,,,,,,,,
Papua New Guinea,2012,aggr,35175.3,education,236,2368,Tertiary Educn Study Assistance Scheme,,,,,,,,,
Papua New Guinea,2012,aggr,6500,education,236,2369,National Scholarships Scheme,,,,,,,,,
Papua New Guinea,2012,aggr,19999.9,education,236,23691,Trade Skills Scholarship,,,,,,,,,
Papua New Guinea,2012,aggr,12000,education,236,23692,Infrastructure & Rehabilitation & Recapitalisation,,,,,,,,,
Papua New Guinea,2012,aggr,2000,education,236,23693,OHE ICT Improvement Project,,,,,,,,,
Papua New Guinea,2013,aggr,0,education,236,2361,"Research, Science & Technology Council",,,,,,,,,
Papua New Guinea,2013,aggr,0,education,236,2362,2013 Joint Understanding: Rehabilitation of UPNG,,,,,,,,,
Papua New Guinea,2013,aggr,0,education,236,2363,West Pacific University,,,,,,,,,
Papua New Guinea,2013,aggr,0,education,236,2364,Science Research Council,,,,,,,,,
Papua New Guinea,2013,aggr,0,education,236,2365,National Open University,,,,,,,,,
Papua New Guinea,2013,aggr,5910,education,236,2366,Office of Higher Education,,,,,,,,,
Papua New Guinea,2013,aggr,280,education,236,2367,Minister's Admin Support Services,,,,,,,,,
Papua New Guinea,2013,aggr,39240.5,education,236,2368,Tertiary Educn Study Assistance Scheme,,,,,,,,,
Papua New Guinea,2013,aggr,6120,education,236,2369,National Scholarships Scheme,,,,,,,,,
Papua New Guinea,2013,aggr,20000,education,236,23691,Trade Skills Scholarship,,,,,,,,,
Papua New Guinea,2013,aggr,0,education,236,23692,Infrastructure & Rehabilitation & Recapitalisation,,,,,,,,,
Papua New Guinea,2013,aggr,0,education,236,23693,OHE ICT Improvement Project,,,,,,,,,
Papua New Guinea,2014,aggr,1052,education,236,2361,"Research, Science & Technology Council",,,,,,,,,
Papua New Guinea,2014,aggr,40647,education,236,2362,2013 Joint Understanding: Rehabilitation of UPNG,,,,,,,,,
Papua New Guinea,2014,aggr,80876,education,236,2363,West Pacific University,,,,,,,,,
Papua New Guinea,2014,aggr,6000,education,236,2364,Science Research Council,,,,,,,,,
Papua New Guinea,2014,aggr,5000,education,236,2365,National Open University,,,,,,,,,
Papua New Guinea,2014,aggr,5194.5,education,236,2366,Office of Higher Education,,,,,,,,,
Papua New Guinea,2014,aggr,301.7,education,236,2367,Minister's Admin Support Services,,,,,,,,,
Papua New Guinea,2014,aggr,40017.1,education,236,2368,Tertiary Educn Study Assistance Scheme,,,,,,,,,
Papua New Guinea,2014,aggr,6120,education,236,2369,National Scholarships Scheme,,,,,,,,,
Papua New Guinea,2014,aggr,15000,education,236,23691,Trade Skills Scholarship,,,,,,,,,
Papua New Guinea,2014,aggr,10000,education,236,23692,Infrastructure & Rehabilitation & Recapitalisation,,,,,,,,,
Papua New Guinea,2014,aggr,,education,236,23693,OHE ICT Improvement Project,,,,,,,,,
Papua New Guinea,2012,aggr,1964,education,237, ,PNG National Commission fo UNESCO,,,,,,,,,
Papua New Guinea,2013,aggr,2104,education,237,,PNG National Commission fo UNESCO,,0.1,,,,,,,
Papua New Guinea,2014,aggr,2119,education,237,,PNG National Commission fo UNESCO,,0.0,,,,,,,
Papua New Guinea,2012,aggr,1731,education,237,2371,PNG National Commission for UNESCO,,,,,,,,,
Papua New Guinea,2012,aggr,9,education,237,2372,Education Affairs,,,,,,,,,
Papua New Guinea,2012,aggr,17,education,237,2373,Science Affairs,,,,,,,,,
Papua New Guinea,2012,aggr,20,education,237,2374,Culture & Heritage Affairs,,,,,,,,,
Papua New Guinea,2012,aggr,16,education,237,2375,Communication & Information Affairs,,,,,,,,,
Papua New Guinea,2012,aggr,171.9,education,237,2376,Corporate Affairs - UNESCO,,,,,,,,,
Papua New Guinea,2013,aggr,1848.4,education,237,2371,PNG National Commission for UNESCO,,,,,,,,,
Papua New Guinea,2013,aggr,10.7,education,237,2372,Education Affairs,,,,,,,,,
Papua New Guinea,2013,aggr,11.5,education,237,2373,Science Affairs,,,,,,,,,
Papua New Guinea,2013,aggr,11.5,education,237,2374,Culture & Heritage Affairs,,,,,,,,,
Papua New Guinea,2013,aggr,18.5,education,237,2375,Communication & Information Affairs,,,,,,,,,
Papua New Guinea,2013,aggr,203.6,education,237,2376,Corporate Affairs - UNESCO,,,,,,,,,
Papua New Guinea,2014,aggr,132,education,237,2371,PNG National Commission for UNESCO,,,,,,,,,
Papua New Guinea,2014,aggr,40,education,237,2372,Education Affairs,,,,,,,,,
Papua New Guinea,2014,aggr,45,education,237,2373,Science Affairs,,,,,,,,,
Papua New Guinea,2014,aggr,45,education,237,2374,Culture & Heritage Affairs,,,,,,,,,
Papua New Guinea,2014,aggr,35,education,237,2375,Communication & Information Affairs,,,,,,,,,
Papua New Guinea,2014,aggr,1821.6,education,237,2376,Corporate Affairs - UNESCO,,,,,,,,,
Papua New Guinea,2012,aggr,82911,education,512, ,University of Papua New Guinea,,,,,,,,,
Papua New Guinea,2013,aggr,54271,education,512,,University of Papua New Guinea,,-0.3,,,,,,,
Papua New Guinea,2014,aggr,71583,education,512,,University of Papua New Guinea,,0.3,,,,,,,
Papua New Guinea,2012,aggr,47302,education,513, ,University of Technology,,,,,,,,,
Papua New Guinea,2013,aggr,46440,education,513,,University of Technology,,0.0,,,,,,,
Papua New Guinea,2014,aggr,64440,education,513,,University of Technology,,0.4,,,,,,,
Papua New Guinea,2012,aggr,48967,education,514, ,University of Goroka,,,,,,,,,
Papua New Guinea,2013,aggr,26198,education,514,,University of Goroka,,-0.5,,,,,,,
Papua New Guinea,2014,aggr,42969,education,514,,University of Goroka,,0.6,,,,,,,
Papua New Guinea,2012,aggr,24246,education,515, ,University of Environment & Natural Resources,,,,,,,,,
Papua New Guinea,2013,aggr,17277,education,515,,University of Environment & Natural Resources,,-0.3,,,,,,,
Papua New Guinea,2014,aggr,25277,education,515,,University of Environment & Natural Resources,,0.5,,,,,,,
Papua New Guinea,2012,aggr,479976.7,education,235, ,Department for Education,,,,,,,,,
Papua New Guinea,2013,aggr,1106551.8,education,235,,Department for Education,,1.3,,,,,,,
Papua New Guinea,2014,aggr,1082254.4,education,235,,Department for Education,,0.0,,,,,,,
Papua New Guinea,2012,aggr,497,education,235,2351,Government Records and Archives,,,,,,,,,
Papua New Guinea,2012,aggr,38607,education,235,2352,Basic Education,,,,,,,,,
Papua New Guinea,2012,aggr,41357,education,235,2353,Development & Implementation of Education Standards,,,,,,,,,
Papua New Guinea,2012,aggr,43311.4,education,235,2354,General Secondary Education,,,,,,,,,
Papua New Guinea,2012,aggr,299120.6,education,235,2355,Top Management and General administration,,,,,,,,,
Papua New Guinea,2012,aggr,14121.6,education,235,2356,Vocational Education,,,,,,,,,
Papua New Guinea,2012,aggr,2093,education,235,2357,Managment of Teachers's Affairs,,,,,,,,,
Papua New Guinea,2012,aggr,19592.1,education,235,2358,Tertiary Teacher Education,,,,,,,,,
Papua New Guinea,2012,aggr,15792.7,education,235,2359,Tertiary Technical Education,,,,,,,,,
Papua New Guinea,2012,aggr,5484.8,education,235,23591,Library Services,,,,,,,,,
Papua New Guinea,2013,aggr,629,education,235,2351,Government Records and Archives,,,,,,,,,
Papua New Guinea,2013,aggr,49939,education,235,2352,Basic Education,,,,,,,,,
Papua New Guinea,2013,aggr,70540,education,235,2353,Development & Implementation of Education Standards,,,,,,,,,
Papua New Guinea,2013,aggr,47406,education,235,2354,General Secondary Education,,,,,,,,,
Papua New Guinea,2013,aggr,679030.9,education,235,2355,Top Management and General administration,,,,,,,,,
Papua New Guinea,2013,aggr,178392.3,education,235,2356,Vocational Education,,,,,,,,,
Papua New Guinea,2013,aggr,1671.5,education,235,2357,Managment of Teachers's Affairs,,,,,,,,,
Papua New Guinea,2013,aggr,31229,education,235,2358,Tertiary Teacher Education,,,,,,,,,
Papua New Guinea,2013,aggr,44734.9,education,235,2359,Tertiary Technical Education,,,,,,,,,
Papua New Guinea,2013,aggr,2978.6,education,235,23591,Library Services,,,,,,,,,
Papua New Guinea,2014,aggr,1000,education,235,2351,Government Records and Archives,,,,,,,,,
Papua New Guinea,2014,aggr,47398,education,235,2352,Basic Education,,,,,,,,,
Papua New Guinea,2014,aggr,77054,education,235,2353,Development & Implementation of Education Standards,,,,,,,,,
Papua New Guinea,2014,aggr,51901,education,235,2354,General Secondary Education,,,,,,,,,
Papua New Guinea,2014,aggr,637741.3,education,235,2355,Top Management and General administration,,,,,,,,,
Papua New Guinea,2014,aggr,185255,education,235,2356,Vocational Education,,,,,,,,,
Papua New Guinea,2014,aggr,3437,education,235,2357,Managment of Teachers's Affairs,,,,,,,,,
Papua New Guinea,2014,aggr,34332,education,235,2358,Tertiary Teacher Education,,,,,,,,,
Papua New Guinea,2014,aggr,40036,education,235,2359,Tertiary Technical Education,,,,,,,,,
Papua New Guinea,2014,aggr,4100,education,235,23591,Library Services,,,,,,,,,
Papua New Guinea,2012,aggr,0,administration,,,administration ,,,,,,,,,
Papua New Guinea,2013,aggr,0,administration,,,administration ,,,,,,,,,
Papua New Guinea,2014,aggr,3747592.8,administration,,,administration ,,,,,,,,,
Papua New Guinea,2012,aggr,135897.2,administration,201,,National Parliament,,,,,,,,,
Papua New Guinea,2013,aggr,117757.3,administration,201,,National Parliament,,-0.1,,,,,,,
Papua New Guinea,2014,aggr,130724.6,administration,201,,National Parliament,,0.1,,,,,,,
Papua New Guinea,2012,aggr,6002.5,administration,202,,Office of Governor-General,,,,,,,,,
Papua New Guinea,2013,aggr,5048.9,administration,202,,Office of Governor-General,,-0.2,,,,,,,
Papua New Guinea,2014,aggr,4706.5,administration,202,,Office of Governor-General,,-0.1,,,,,,,
Papua New Guinea,2012,aggr,5797,administration,202,2021,General Administrative Services,,,,,,,,,
Papua New Guinea,2012,aggr,205.5,administration,202,2022,Governor General's Emoluments,,,,,,,,,
Papua New Guinea,2013,aggr,4644.3,administration,202,2021,General Administrative Services,,,,,,,,,
Papua New Guinea,2013,aggr,404.6,administration,202,2022,Governor General's Emoluments,,,,,,,,,
Papua New Guinea,2014,aggr,4298.4,administration,202,2021,General Administrative Services,,,,,,,,,
Papua New Guinea,2014,aggr,408.1,administration,202,2022,Governor General's Emoluments,,,,,,,,,
Papua New Guinea,2012,aggr,114038.6,administration,203,,Department of Prime Minister & NEC,,,,,,,,,
Papua New Guinea,2013,aggr,345620.9,administration,203,,Department of Prime Minister & NEC,,2.0,,,,,,,
Papua New Guinea,2014,aggr,189336.2,administration,203,,Department of Prime Minister & NEC,,-0.5,,,,,,,
Papua New Guinea,2012,aggr,30738.6,administration,203,2031,National Policy Formulation and Co-ordination Services,,,,,,,,,
Papua New Guinea,2012,aggr,35393.3,administration,203,2032,Support to Prime Minister,,,,,,,,,
Papua New Guinea,2012,aggr,22103.6,administration,203,2033,Ministerial Services,,,,,,,,,
Papua New Guinea,2012,aggr,11698.5,administration,203,2034,General Administrative Services,,,,,,,,,
Papua New Guinea,2012,aggr,14973.1,administration,203,2035,Community College,,,,,,,,,
Papua New Guinea,2012,aggr,0,administration,203,2036,South Pacific Games 2015,,,,,,,,,
Papua New Guinea,2012,aggr,-868.5,administration,203,2037,Printing and Information Dissemination,,,,,,,,,
Papua New Guinea,2012,aggr,0,administration,203,2038,Economic and Infrastructure Development Schemes,,,,,,,,,
Papua New Guinea,2013,aggr,28134.5,administration,203,2031,National Policy Formulation and Co-ordination Services,,,,,,,,,
Papua New Guinea,2013,aggr,14421.1,administration,203,2032,Support to Prime Minister,,,,,,,,,
Papua New Guinea,2013,aggr,17032.8,administration,203,2033,Ministerial Services,,,,,,,,,
Papua New Guinea,2013,aggr,13114.9,administration,203,2034,General Administrative Services,,,,,,,,,
Papua New Guinea,2013,aggr,16285,administration,203,2035,Community College,,,,,,,,,
Papua New Guinea,2013,aggr,180000,administration,203,2036,South Pacific Games 2015,,,,,,,,,
Papua New Guinea,2013,aggr,5617.6,administration,203,2037,Printing and Information Dissemination,,,,,,,,,
Papua New Guinea,2013,aggr,71015,administration,203,2038,Economic and Infrastructure Development Schemes,,,,,,,,,
Papua New Guinea,2014,aggr,31184.3,administration,203,2031,National Policy Formulation and Co-ordination Services,,,,,,,,,
Papua New Guinea,2014,aggr,14437.5,administration,203,2032,Support to Prime Minister,,,,,,,,,
Papua New Guinea,2014,aggr,17033.9,administration,203,2033,Ministerial Services,,,,,,,,,
Papua New Guinea,2014,aggr,12447.9,administration,203,2034,General Administrative Services,,,,,,,,,
Papua New Guinea,2014,aggr,27700,administration,203,2035,Community College,,,,,,,,,
Papua New Guinea,2014,aggr,59200,administration,203,2036,South Pacific Games 2015,,,,,,,,,
Papua New Guinea,2014,aggr,5617.6,administration,203,2037,Printing and Information Dissemination,,,,,,,,,
Papua New Guinea,2014,aggr,21715,administration,203,2038,Economic and Infrastructure Development Schemes,,,,,,,,,
Papua New Guinea,2012,aggr,6556.1,administration,204,,National Statistical Office ,,,,,,,,,
Papua New Guinea,2013,aggr,6092.8,administration,204,,National Statistical Office ,,-0.1,,,,,,,
Papua New Guinea,2014,aggr,6008.1,administration,204,,National Statistical Office ,,0.0,,,,,,,
Papua New Guinea,2012,aggr,2445.3,administration,204,2041,Economic Statistics,,,,,,,,,
Papua New Guinea,2012,aggr,1175,administration,204,2042,Population & Social Statistics,,,,,,,,,
Papua New Guinea,2012,aggr,2935.8,administration,204,2043,Corporate Services,,,,,,,,,
Papua New Guinea,2013,aggr,1708.6,administration,204,2041,Economic Statistics,,,,,,,,,
Papua New Guinea,2013,aggr,924.6,administration,204,2042,Population & Social Statistics,,,,,,,,,
Papua New Guinea,2013,aggr,3459.6,administration,204,2043,Corporate Services,,,,,,,,,
Papua New Guinea,2014,aggr,1657.4,administration,204,2041,Economic Statistics,,,,,,,,,
Papua New Guinea,2014,aggr,1222.5,administration,204,2042,Population & Social Statistics,,,,,,,,,
Papua New Guinea,2014,aggr,3128.2,administration,204,2043,Corporate Services,,,,,,,,,
Papua New Guinea,2012,aggr,4496.2,administration,205,,Office of Bougainville Affairs,,,,,,,,,
Papua New Guinea,2013,aggr,3256,administration,205,,Office of Bougainville Affairs,,-0.3,,,,,,,
Papua New Guinea,2014,aggr,3293.7,administration,205,,Office of Bougainville Affairs,,0.0,,,,,,,
Papua New Guinea,2012,aggr,33849.7,administration,206,,Department of Finance,,,,,,,,,
Papua New Guinea,2013,aggr,49382,administration,206,,Department of Finance,,0.5,,,,,,,
Papua New Guinea,2014,aggr,52326.2,administration,206,,Department of Finance,,0.1,,,,,,,
Papua New Guinea,2012,aggr,8121,administration,206,2061,General administration,,,,,,,,,
Papua New Guinea,2013,aggr,337.4,administration,206,2062,Ministerial Services,,,,,,,,,
Papua New Guinea,2014,aggr,25391.3,administration,206,2063,Treasury Operations,,,,,,,,,
Papua New Guinea,2015,aggr,,administration,206,2064,UN Assistance to Governance,,,,,,,,,
Papua New Guinea,2012,aggr,13070.3,administration,206,2061,General administration,,,,,,,,,
Papua New Guinea,2013,aggr,250,administration,206,2062,Ministerial Services,,,,,,,,,
Papua New Guinea,2014,aggr,28853.7,administration,206,2063,Treasury Operations,,,,,,,,,
Papua New Guinea,2015,aggr,7208,administration,206,2064,UN Assistance to Governance,,,,,,,,,
Papua New Guinea,2012,aggr,15400.4,administration,206,2061,General administration,,,,,,,,,
Papua New Guinea,2013,aggr,256.3,administration,206,2062,Ministerial Services,,,,,,,,,
Papua New Guinea,2014,aggr,28559.5,administration,206,2063,Treasury Operations,,,,,,,,,
Papua New Guinea,2015,aggr,8110,administration,206,2064,UN Assistance to Governance,,,,,,,,,
Papua New Guinea,2012,aggr,0,administration,207,,Treasury and Misc,,,,,,,,,
Papua New Guinea,2013,aggr,153300,administration,207,,Treasury and Misc,,,,,,,,,
Papua New Guinea,2014,aggr,1130200,administration,207,,Treasury and Misc,,6.4,,,,,,,
Papua New Guinea,2012,aggr,187475.4,administration,208,,Department of Treasury,,,,,,,,,
Papua New Guinea,2013,aggr,198976.3,administration,208,,Department of Treasury,,0.1,,,,,,,
Papua New Guinea,2014,aggr,220498.5,administration,208,,Department of Treasury,,0.1,,,,,,,
Papua New Guinea,2012,aggr,0,administration,208,2081,Macro Economic Policy Analysis & Co-ordination,,,,,,,,,
Papua New Guinea,2012,aggr,171000,administration,208,2082,General administration,,,,,,,,,
Papua New Guinea,2012,aggr,1502.7,administration,208,2083,Macro Economic Policy Analysis & Co-ordination,,,,,,,,,
Papua New Guinea,2012,aggr,6085.4,administration,208,2084,Sectoral Policy Analysis and Government Budgeting,,,,,,,,,
Papua New Guinea,2012,aggr,5803.2,administration,208,2085,General administration,,,,,,,,,
Papua New Guinea,2012,aggr,3084.1,administration,208,2086,Treasury Operations,,,,,,,,,
Papua New Guinea,2013,aggr,0,administration,208,2081,Macro Economic Policy Analysis & Co-ordination,,,,,,,,,
Papua New Guinea,2013,aggr,180171,administration,208,2082,General administration,,,,,,,,,
Papua New Guinea,2013,aggr,2076.6,administration,208,2083,Macro Economic Policy Analysis & Co-ordination,,,,,,,,,
Papua New Guinea,2013,aggr,6298.9,administration,208,2084,Sectoral Policy Analysis and Government Budgeting,,,,,,,,,
Papua New Guinea,2013,aggr,4822.9,administration,208,2085,General administration,,,,,,,,,
Papua New Guinea,2013,aggr,5606.9,administration,208,2086,Treasury Operations,,,,,,,,,
Papua New Guinea,2014,aggr,1474.2,administration,208,2081,Macro Economic Policy Analysis & Co-ordination,,,,,,,,,
Papua New Guinea,2014,aggr,195486,administration,208,2082,General administration,,,,,,,,,
Papua New Guinea,2014,aggr,5651.4,administration,208,2083,Macro Economic Policy Analysis & Co-ordination,,,,,,,,,
Papua New Guinea,2014,aggr,6876.6,administration,208,2084,Sectoral Policy Analysis and Government Budgeting,,,,,,,,,
Papua New Guinea,2014,aggr,5278.4,administration,208,2085,General administration,,,,,,,,,
Papua New Guinea,2014,aggr,5731.9,administration,208,2086,Treasury Operations,,,,,,,,,
Papua New Guinea,2012,aggr,6867.7,administration,208,,Registrar For Politcal Parties,,,,,,,,,
Papua New Guinea,2013,aggr,7451.9,administration,208,,Registrar For Politcal Parties,,0.1,,,,,,,
Papua New Guinea,2014,aggr,7472.3,administration,208,,Registrar For Politcal Parties,,0.0,,,,,,,
Papua New Guinea,2012,aggr,44907.2,administration,211,,PNG Customs Service,,,,,,,,,
Papua New Guinea,2013,aggr,44262,administration,211,,PNG Customs Service,,0.0,,,,,,,
Papua New Guinea,2014,aggr,63498.2,administration,211,,PNG Customs Service,,0.4,,,,,,,
Papua New Guinea,2012,aggr,1396,administration,211,2111,Commercial Trade and Compliance,,,,,,,,,
Papua New Guinea,2012,aggr,1892,administration,211,2112,Enforcement,,,,,,,,,
Papua New Guinea,2012,aggr,3549,administration,211,2113,Southern Region,,,,,,,,,
Papua New Guinea,2012,aggr,2976,administration,211,2114,Northern Region,,,,,,,,,
Papua New Guinea,2012,aggr,2396,administration,211,2115,Islands Region,,,,,,,,,
Papua New Guinea,2012,aggr,2192,administration,211,2116,Information and Communication Technology,,,,,,,,,
Papua New Guinea,2012,aggr,445,administration,211,2117,PNG Customs Modernisation Services,,,,,,,,,
Papua New Guinea,2012,aggr,2869,administration,211,2118,Executive Unit,,,,,,,,,
Papua New Guinea,2012,aggr,711,administration,211,2119,Office Of Commissioner,,,,,,,,,
Papua New Guinea,2012,aggr,5837,administration,211,21191,Corporate Services,,,,,,,,,
Papua New Guinea,2012,aggr,828,administration,211,21192,Border Management,,,,,,,,,
Papua New Guinea,2012,aggr,428,administration,211,21193,Internal Audits,,,,,,,,,
Papua New Guinea,2012,aggr,376,administration,211,21194,Internal Affairs,,,,,,,,,
Papua New Guinea,2012,aggr,1312,administration,211,21195,Container Examination Facility,,,,,,,,,
Papua New Guinea,2012,aggr,10000,administration,211,21196,Customs Container Scanning Equipment Purchase,,,,,,,,,
Papua New Guinea,2012,aggr,7700,administration,211,21197,Customs Institutional Housing,,,,,,,,,
Papua New Guinea,2012,aggr,0,administration,211,21198,Automated System for Customs Data (ASYCUDA),,,,,,,,,
Papua New Guinea,2013,aggr,2347,administration,211,2111,Commercial Trade and Compliance,,,,,,,,,
Papua New Guinea,2013,aggr,2952,administration,211,2112,Enforcement,,,,,,,,,
Papua New Guinea,2013,aggr,5484,administration,211,2113,Southern Region,,,,,,,,,
Papua New Guinea,2013,aggr,5032,administration,211,2114,Northern Region,,,,,,,,,
Papua New Guinea,2013,aggr,3541,administration,211,2115,Islands Region,,,,,,,,,
Papua New Guinea,2013,aggr,3557,administration,211,2116,Information and Communication Technology,,,,,,,,,
Papua New Guinea,2013,aggr,690,administration,211,2117,PNG Customs Modernisation Services,,,,,,,,,
Papua New Guinea,2013,aggr,2541,administration,211,2118,Executive Unit,,,,,,,,,
Papua New Guinea,2013,aggr,890,administration,211,2119,Office Of Commissioner,,,,,,,,,
Papua New Guinea,2013,aggr,4410,administration,211,21191,Corporate Services,,,,,,,,,
Papua New Guinea,2013,aggr,1257,administration,211,21192,Border Management,,,,,,,,,
Papua New Guinea,2013,aggr,938,administration,211,21193,Internal Audits,,,,,,,,,
Papua New Guinea,2013,aggr,679,administration,211,21194,Internal Affairs,,,,,,,,,
Papua New Guinea,2013,aggr,1944,administration,211,21195,Container Examination Facility,,,,,,,,,
Papua New Guinea,2013,aggr,5000,administration,211,21196,Customs Container Scanning Equipment Purchase,,,,,,,,,
Papua New Guinea,2013,aggr,3000,administration,211,21197,Customs Institutional Housing,,,,,,,,,
Papua New Guinea,2013,aggr,0,administration,211,21198,Automated System for Customs Data (ASYCUDA),,,,,,,,,
Papua New Guinea,2014,aggr,2661,administration,211,2111,Commercial Trade and Compliance,,,,,,,,,
Papua New Guinea,2014,aggr,3121,administration,211,2112,Enforcement,,,,,,,,,
Papua New Guinea,2014,aggr,6590,administration,211,2113,Southern Region,,,,,,,,,
Papua New Guinea,2014,aggr,5790,administration,211,2114,Northern Region,,,,,,,,,
Papua New Guinea,2014,aggr,5390,administration,211,2115,Islands Region,,,,,,,,,
Papua New Guinea,2014,aggr,4722,administration,211,2116,Information and Communication Technology,,,,,,,,,
Papua New Guinea,2014,aggr,777,administration,211,2117,PNG Customs Modernisation Services,,,,,,,,,
Papua New Guinea,2014,aggr,2817,administration,211,2118,Executive Unit,,,,,,,,,
Papua New Guinea,2014,aggr,1611,administration,211,2119,Office Of Commissioner,,,,,,,,,
Papua New Guinea,2014,aggr,5807,administration,211,21191,Corporate Services,,,,,,,,,
Papua New Guinea,2014,aggr,1687,administration,211,21192,Border Management,,,,,,,,,
Papua New Guinea,2014,aggr,1072,administration,211,21193,Internal Audits,,,,,,,,,
Papua New Guinea,2014,aggr,1393,administration,211,21194,Internal Affairs,,,,,,,,,
Papua New Guinea,2014,aggr,2058,administration,211,21195,Container Examination Facility,,,,,,,,,
Papua New Guinea,2014,aggr,10000,administration,211,21196,Customs Container Scanning Equipment Purchase,,,,,,,,,
Papua New Guinea,2014,aggr,5000,administration,211,21197,Customs Institutional Housing,,,,,,,,,
Papua New Guinea,2014,aggr,3000,administration,211,21198,Automated System for Customs Data (ASYCUDA),,,,,,,,,
Papua New Guinea,2012,aggr,17570.2,administration,212,,Information Technology Division,,,,,,,,,
Papua New Guinea,2013,aggr,19429.1,administration,212,,Information Technology Division,,0.1,,,,,,,
Papua New Guinea,2014,aggr,19778.8,administration,212,,Information Technology Division,,0.0,,,,,,,
Papua New Guinea,2012,aggr,24311.1,administration,213,,PNG Fire Services,,,,,,,,,
Papua New Guinea,2013,aggr,23322.8,administration,213,,PNG Fire Services,,0.0,,,,,,,
Papua New Guinea,2014,aggr,22616.4,administration,213,,PNG Fire Services,,0.0,,,,,,,
Papua New Guinea,2012,aggr,4056.7,administration,213,2131,Civil Fire Management,,,,,,,,,
Papua New Guinea,2012,aggr,10945,administration,213,2132,Fire Fighting Brigade Operations,,,,,,,,,
Papua New Guinea,2012,aggr,423.1,administration,213,2133,Community Safety,,,,,,,,,
Papua New Guinea,2012,aggr,1167.5,administration,213,2134,Training College,,,,,,,,,
Papua New Guinea,2012,aggr,624.7,administration,213,2135,Corporate Services Division,,,,,,,,,
Papua New Guinea,2012,aggr,2366.6,administration,213,2136,Strengthening of Civil Fire Services,,,,,,,,,
Papua New Guinea,2012,aggr,0,administration,213,2137,Rationalisation of PNG Emergency Services,,,,,,,,,
Papua New Guinea,2012,aggr,606.1,administration,213,2138,NCD Command,,,,,,,,,
Papua New Guinea,2012,aggr,603.5,administration,213,2139,Momase/Highlands Command,,,,,,,,,
Papua New Guinea,2012,aggr,215.8,administration,213,21391,Southern/Islands Command,,,,,,,,,
Papua New Guinea,2012,aggr,303.7,administration,213,21392,Finance and Information Technology,,,,,,,,,
Papua New Guinea,2012,aggr,0,administration,213,21393,Highlands Command,,,,,,,,,
Papua New Guinea,2012,aggr,0,administration,213,21394,Islands Command,,,,,,,,,
Papua New Guinea,2012,aggr,2998.4,administration,213,21395,"Construction, Rehabilitation & Upgrading of 14 Fire Stns",,,,,,,,,
Papua New Guinea,2013,aggr,3313.4,administration,213,2131,Civil Fire Management,,,,,,,,,
Papua New Guinea,2013,aggr,9926.7,administration,213,2132,Fire Fighting Brigade Operations,,,,,,,,,
Papua New Guinea,2013,aggr,503.1,administration,213,2133,Community Safety,,,,,,,,,
Papua New Guinea,2013,aggr,960.6,administration,213,2134,Training College,,,,,,,,,
Papua New Guinea,2013,aggr,784.7,administration,213,2135,Corporate Services Division,,,,,,,,,
Papua New Guinea,2013,aggr,1750.9,administration,213,2136,Strengthening of Civil Fire Services,,,,,,,,,
Papua New Guinea,2013,aggr,225.9,administration,213,2137,Rationalisation of PNG Emergency Services,,,,,,,,,
Papua New Guinea,2013,aggr,441.8,administration,213,2138,NCD Command,,,,,,,,,
Papua New Guinea,2013,aggr,715.8,administration,213,2139,Momase/Highlands Command,,,,,,,,,
Papua New Guinea,2013,aggr,229.2,administration,213,21391,Southern/Islands Command,,,,,,,,,
Papua New Guinea,2013,aggr,435,administration,213,21392,Finance and Information Technology,,,,,,,,,
Papua New Guinea,2013,aggr,348.3,administration,213,21393,Highlands Command,,,,,,,,,
Papua New Guinea,2013,aggr,687.4,administration,213,21394,Islands Command,,,,,,,,,
Papua New Guinea,2013,aggr,3000,administration,213,21395,"Construction, Rehabilitation & Upgrading of 14 Fire Stns",,,,,,,,,
Papua New Guinea,2013,aggr,3345.3,administration,213,2131,Civil Fire Management,,,,,,,,,
Papua New Guinea,2013,aggr,9276.7,administration,213,2132,Fire Fighting Brigade Operations,,,,,,,,,
Papua New Guinea,2013,aggr,412.5,administration,213,2133,Community Safety,,,,,,,,,
Papua New Guinea,2013,aggr,855.5,administration,213,2134,Training College,,,,,,,,,
Papua New Guinea,2013,aggr,742.8,administration,213,2135,Corporate Services Division,,,,,,,,,
Papua New Guinea,2013,aggr,210,administration,213,2136,Strengthening of Civil Fire Services,,,,,,,,,
Papua New Guinea,2013,aggr,231.5,administration,213,2137,Rationalisation of PNG Emergency Services,,,,,,,,,
Papua New Guinea,2013,aggr,453.5,administration,213,2138,NCD Command,,,,,,,,,
Papua New Guinea,2013,aggr,524.6,administration,213,2139,Momase/Highlands Command,,,,,,,,,
Papua New Guinea,2013,aggr,234.9,administration,213,21391,Southern/Islands Command,,,,,,,,,
Papua New Guinea,2013,aggr,445.9,administration,213,21392,Finance and Information Technology,,,,,,,,,
Papua New Guinea,2013,aggr,357,administration,213,21393,Highlands Command,,,,,,,,,
Papua New Guinea,2013,aggr,526.2,administration,213,21394,Islands Command,,,,,,,,,
Papua New Guinea,2013,aggr,5000,administration,213,21395,"Construction, Rehabilitation & Upgrading of 14 Fire Stns",,,,,,,,,
Papua New Guinea,2012,aggr,9303.8,administration,215,,PNG Immigration and Citizenship Services,,,,,,,,,
Papua New Guinea,2013,aggr,8665.5,administration,215,,PNG Immigration and Citizenship Services,,-0.1,,,,,,,
Papua New Guinea,2014,aggr,8665.5,administration,215,,PNG Immigration and Citizenship Services,,0.0,,,,,,,
Papua New Guinea,2012,aggr,41590.7,administration,216,,Internal Revenue Commission,,,,,,,,,
Papua New Guinea,2013,aggr,51896.2,administration,216,,Internal Revenue Commission,,0.2,,,,,,,
Papua New Guinea,2014,aggr,76235,administration,216,,Internal Revenue Commission,,0.5,,,,,,,
Papua New Guinea,2012,aggr,16251.2,administration,216,2161,Assessment & Collection of Income Tax,,,,,,,,,
Papua New Guinea,2012,aggr,25159.8,administration,216,2162,General administration,,,,,,,,,
Papua New Guinea,2013,aggr,23713.3,administration,216,2161,Assessment & Collection of Income Tax,,,,,,,,,
Papua New Guinea,2013,aggr,28182.9,administration,216,2162,General administration,,,,,,,,,
Papua New Guinea,2014,aggr,38657.4,administration,216,2161,Assessment & Collection of Income Tax,,,,,,,,,
Papua New Guinea,2014,aggr,37577.4,administration,216,2162,General administration,,,,,,,,,
Papua New Guinea,2012,aggr,67161.3,administration,217,,Department of Foreign Affairs and Trade,,,,,,,,,
Papua New Guinea,2013,aggr,91480.5,administration,217,,Department of Foreign Affairs and Trade,,0.4,,,,,,,
Papua New Guinea,2014,aggr,127110.1,administration,217,,Department of Foreign Affairs and Trade,,0.4,,,,,,,
Papua New Guinea,2012,aggr,50444.9,administration,217,2171,Government Representation Abroad,,,,,,,,,
Papua New Guinea,2012,aggr,8634.2,administration,217,2172,Policy Formulation and General Admnistration,,,,,,,,,
Papua New Guinea,2012,aggr,1194.8,administration,217,2173,Minister's Admin Support Services,,,,,,,,,
Papua New Guinea,2012,aggr,1141.4,administration,217,2174,Protocol Services,,,,,,,,,
Papua New Guinea,2012,aggr,2842.9,administration,217,2175,Bi-Lateral Relations Management,,,,,,,,,
Papua New Guinea,2012,aggr,2048.6,administration,217,2176,Economic Affairs & Developt Cooperation,,,,,,,,,
Papua New Guinea,2012,aggr,854.5,administration,217,2177,Trade,,,,,,,,,
Papua New Guinea,2012,aggr,0,administration,217,2178,Regional Development Grant to the Solomon's,,,,,,,,,
Papua New Guinea,2012,aggr,0,administration,217,2179,Republic of Fiji General Elections,,,,,,,,,
Papua New Guinea,2012,aggr,0,administration,217,21791,Regional Development Assistance To Pacific Countries,,,,,,,,,
Papua New Guinea,2025,aggr,76863.5,administration,217,2171,Government Representation Abroad,,,,,,,,,
Papua New Guinea,2026,aggr,5562.4,administration,217,2172,Policy Formulation and General Admnistration,,,,,,,,,
Papua New Guinea,2027,aggr,1209,administration,217,2173,Minister's Admin Support Services,,,,,,,,,
Papua New Guinea,2028,aggr,1358,administration,217,2174,Protocol Services,,,,,,,,,
Papua New Guinea,2029,aggr,3053.1,administration,217,2175,Bi-Lateral Relations Management,,,,,,,,,
Papua New Guinea,2030,aggr,1404.9,administration,217,2176,Economic Affairs & Developt Cooperation,,,,,,,,,
Papua New Guinea,2031,aggr,2029.6,administration,217,2177,Trade,,,,,,,,,
Papua New Guinea,2032,aggr,0,administration,217,2178,Regional Development Grant to the Solomon's,,,,,,,,,
Papua New Guinea,2033,aggr,0,administration,217,2179,Republic of Fiji General Elections,,,,,,,,,
Papua New Guinea,2034,aggr,0,administration,217,21791,Regional Development Assistance To Pacific Countries,,,,,,,,,
Papua New Guinea,2035,aggr,57486,administration,217,2171,Government Representation Abroad,,,,,,,,,
Papua New Guinea,2036,aggr,5453.8,administration,217,2172,Policy Formulation and General Admnistration,,,,,,,,,
Papua New Guinea,2037,aggr,1239.2,administration,217,2173,Minister's Admin Support Services,,,,,,,,,
Papua New Guinea,2038,aggr,1364.7,administration,217,2174,Protocol Services,,,,,,,,,
Papua New Guinea,2039,aggr,3095.8,administration,217,2175,Bi-Lateral Relations Management,,,,,,,,,
Papua New Guinea,2040,aggr,1416,administration,217,2176,Economic Affairs & Developt Cooperation,,,,,,,,,
Papua New Guinea,2041,aggr,2054.6,administration,217,2177,Trade,,,,,,,,,
Papua New Guinea,2042,aggr,20000,administration,217,2178,Regional Development Grant to the Solomon's,,,,,,,,,
Papua New Guinea,2043,aggr,25000,administration,217,2179,Republic of Fiji General Elections,,,,,,,,,
Papua New Guinea,2044,aggr,10000,administration,217,21791,Regional Development Assistance To Pacific Countries,,,,,,,,,
Papua New Guinea,2012,aggr,6160.3,administration,219,,PNG Institute of Public administration,,,,,,,,,
Papua New Guinea,2013,aggr,6849,administration,219,,PNG Institute of Public administration,,0.1,,,,,,,
Papua New Guinea,2014,aggr,6819.1,administration,219,,PNG Institute of Public administration,,0.0,,,,,,,
Papua New Guinea,2012,aggr,5959.5,administration,219,2191,Training Design & Delivery,,,,,,,,,
Papua New Guinea,2012,aggr,87.5,administration,219,2192,Establishment of School of Government,,,,,,,,,
Papua New Guinea,2012,aggr,19.8,administration,219,2193,Governance and Reporting Frameworks,,,,,,,,,
Papua New Guinea,2012,aggr,37.1,administration,219,2194,Human Resource Management,,,,,,,,,
Papua New Guinea,2012,aggr,56.4,administration,219,2195,Infrastructure & Facilities Development,,,,,,,,,
Papua New Guinea,2013,aggr,6523.7,administration,219,2191,Training Design & Delivery,,,,,,,,,
Papua New Guinea,2013,aggr,93.4,administration,219,2192,Establishment of School of Government,,,,,,,,,
Papua New Guinea,2013,aggr,85,administration,219,2193,Governance and Reporting Frameworks,,,,,,,,,
Papua New Guinea,2013,aggr,74.5,administration,219,2194,Human Resource Management,,,,,,,,,
Papua New Guinea,2013,aggr,72.4,administration,219,2195,Infrastructure & Facilities Development,,,,,,,,,
Papua New Guinea,2014,aggr,6493.8,administration,219,2191,Training Design & Delivery,,,,,,,,,
Papua New Guinea,2014,aggr,93.4,administration,219,2192,Establishment of School of Government,,,,,,,,,
Papua New Guinea,2014,aggr,85,administration,219,2193,Governance and Reporting Frameworks,,,,,,,,,
Papua New Guinea,2014,aggr,74.5,administration,219,2194,Human Resource Management,,,,,,,,,
Papua New Guinea,2014,aggr,72.4,administration,219,2195,Infrastructure & Facilities Development,,,,,,,,,
Papua New Guinea,2012,aggr,27712.7,administration,220,,Department of Personnel Management,,,,,,,,,
Papua New Guinea,2013,aggr,130059.5,administration,220,,Department of Personnel Management,,3.7,,,,,,,
Papua New Guinea,2014,aggr,169657.8,administration,220,,Department of Personnel Management,,0.3,,,,,,,
Papua New Guinea,2012,aggr,0,administration,220,2201,Policy Research & Development,,,,,,,,,
Papua New Guinea,2012,aggr,399.1,administration,220,2202,Pre-2010 activities and Programmes,,,,,,,,,
Papua New Guinea,2012,aggr,5236.5,administration,220,2203,Corporate Services,,,,,,,,,
Papua New Guinea,2012,aggr,2882.1,administration,220,2204,Executive Management,,,,,,,,,
Papua New Guinea,2012,aggr,276.5,administration,220,2205,Ministerial Services,,,,,,,,,
Papua New Guinea,2012,aggr,1195,administration,220,2206,Implementation,,,,,,,,,
Papua New Guinea,2012,aggr,14004.6,administration,220,2207,Industrial & Employee Relations,,,,,,,,,
Papua New Guinea,2012,aggr,853.1,administration,220,2208,Monitoring & Inspections,,,,,,,,,
Papua New Guinea,2012,aggr,0,administration,220,2209,Policy Advisory Services,,,,,,,,,
Papua New Guinea,2012,aggr,280.5,administration,220,22091,Policy Research & Development,,,,,,,,,
Papua New Guinea,2012,aggr,2379.5,administration,220,22092,Information Technology,,,,,,,,,
Papua New Guinea,2012,aggr,265.8,administration,220,22093,Government Accommodation and Public Service,,,,,,,,,
Papua New Guinea,2013,aggr,45265,administration,220,2201,Policy Research & Development,,,,,,,,,
Papua New Guinea,2013,aggr,0,administration,220,2202,Pre-2010 activities and Programmes,,,,,,,,,
Papua New Guinea,2013,aggr,10583.9,administration,220,2203,Corporate Services,,,,,,,,,
Papua New Guinea,2013,aggr,2089.5,administration,220,2204,Executive Management,,,,,,,,,
Papua New Guinea,2013,aggr,238.8,administration,220,2205,Ministerial Services,,,,,,,,,
Papua New Guinea,2013,aggr,1917.5,administration,220,2206,Implementation,,,,,,,,,
Papua New Guinea,2013,aggr,1874.4,administration,220,2207,Industrial & Employee Relations,,,,,,,,,
Papua New Guinea,2013,aggr,1688.3,administration,220,2208,Monitoring & Inspections,,,,,,,,,
Papua New Guinea,2013,aggr,58198,administration,220,2209,Policy Advisory Services,,,,,,,,,
Papua New Guinea,2013,aggr,2094.1,administration,220,22091,Policy Research & Development,,,,,,,,,
Papua New Guinea,2013,aggr,4357,administration,220,22092,Information Technology,,,,,,,,,
Papua New Guinea,2014,aggr,1753,administration,220,22093,Government Accommodation and Public Service,,,,,,,,,
Papua New Guinea,2014,aggr,80179,administration,220,2201,Policy Research & Development,,,,,,,,,
Papua New Guinea,2014,aggr,0,administration,220,2202,Pre-2010 activities and Programmes,,,,,,,,,
Papua New Guinea,2014,aggr,11899.4,administration,220,2203,Corporate Services,,,,,,,,,
Papua New Guinea,2014,aggr,2106.1,administration,220,2204,Executive Management,,,,,,,,,
Papua New Guinea,2014,aggr,244.8,administration,220,2205,Ministerial Services,,,,,,,,,
Papua New Guinea,2014,aggr,1908.8,administration,220,2206,Implementation,,,,,,,,,
Papua New Guinea,2014,aggr,1874.9,administration,220,2207,Industrial & Employee Relations,,,,,,,,,
Papua New Guinea,2014,aggr,1698.5,administration,220,2208,Monitoring & Inspections,,,,,,,,,
Papua New Guinea,2014,aggr,61626,administration,220,2209,Policy Advisory Services,,,,,,,,,
Papua New Guinea,2014,aggr,2099.8,administration,220,22091,Policy Research & Development,,,,,,,,,
Papua New Guinea,2014,aggr,4037.3,administration,220,22092,Information Technology,,,,,,,,,
Papua New Guinea,2014,aggr,1983.2,administration,220,22093,Government Accommodation and Public Service,,,,,,,,,
Papua New Guinea,2012,aggr,5178.1,administration,221,,Public Service Commission,,,,,,,,,
Papua New Guinea,2013,aggr,6153.5,administration,221,,Public Service Commission,,0.2,,,,,,,
Papua New Guinea,2014,aggr,6188.8,administration,221,,Public Service Commission,,0.0,,,,,,,
Papua New Guinea,2012,aggr,36239.1,administration,227,,Provincial Treasuries,,,,,,,,,
Papua New Guinea,2013,aggr,36495.2,administration,227,,Provincial Treasuries,,0.0,,,,,,,
Papua New Guinea,2014,aggr,40059.1,administration,227,,Provincial Treasuries,,0.1,,,,,,,
Papua New Guinea,2012,aggr,42991,administration,229,,Department of National Planning and Monitoring,,,,,,,,,
Papua New Guinea,2013,aggr,231560.4,administration,229,,Department of National Planning and Monitoring,,4.4,,,,,,,
Papua New Guinea,2014,aggr,516712.9,administration,229,,Department of National Planning and Monitoring,,1.2,,,,,,,
Papua New Guinea,2012,aggr,0,administration,229,2291,Sustainable Development Program,,,,,,,,,
Papua New Guinea,2012,aggr,0,administration,229,2292,National Strategic Planning,,,,,,,,,
Papua New Guinea,2012,aggr,0,administration,229,2293,JICA Volunteer,,,,,,,,,
Papua New Guinea,2012,aggr,0,administration,229,2294,JICA Training,,,,,,,,,
Papua New Guinea,2012,aggr,0,administration,229,2295,General Administrative Services,,,,,,,,,
Papua New Guinea,2012,aggr,24378.9,administration,229,2296,National Strategic Planning,,,,,,,,,
Papua New Guinea,2012,aggr,0,administration,229,2297,Water Transport Services,,,,,,,,,
Papua New Guinea,2012,aggr,0,administration,229,2298,Kokopo City Infrastructure Development,,,,,,,,,
Papua New Guinea,2012,aggr,0,administration,229,2299,Rural Development Programme,,,,,,,,,
Papua New Guinea,2012,aggr,0,administration,229,22991,Other Multi-Functional Development Projects,,,,,,,,,
Papua New Guinea,2012,aggr,18612.1,administration,229,22992,PNG Church State Partnership Program,,,,,,,,,
Papua New Guinea,2012,aggr,0,administration,229,22993,Government Accommodation and Public Service,,,,,,,,,
Papua New Guinea,2013,aggr,0,administration,229,2291,Sustainable Development Program,,,,,,,,,
Papua New Guinea,2013,aggr,0,administration,229,2292,National Strategic Planning,,,,,,,,,
Papua New Guinea,2013,aggr,7711,administration,229,2293,JICA Volunteer,,,,,,,,,
Papua New Guinea,2013,aggr,1527,administration,229,2294,JICA Training,,,,,,,,,
Papua New Guinea,2013,aggr,30000,administration,229,2295,General Administrative Services,,,,,,,,,
Papua New Guinea,2013,aggr,162322.4,administration,229,2296,National Strategic Planning,,,,,,,,,
Papua New Guinea,2013,aggr,20000,administration,229,2297,Water Transport Services,,,,,,,,,
Papua New Guinea,2013,aggr,0,administration,229,2298,Kokopo City Infrastructure Development,,,,,,,,,
Papua New Guinea,2013,aggr,0,administration,229,2299,Rural Development Programme,,,,,,,,,
Papua New Guinea,2013,aggr,0,administration,229,22991,Other Multi-Functional Development Projects,,,,,,,,,
Papua New Guinea,2013,aggr,10000,administration,229,22992,PNG Church State Partnership Program,,,,,,,,,
Papua New Guinea,2013,aggr,0,administration,229,22993,Government Accommodation and Public Service,,,,,,,,,
Papua New Guinea,2014,aggr,25000,administration,229,2291,Sustainable Development Program,,,,,,,,,
Papua New Guinea,2014,aggr,1500,administration,229,2292,National Strategic Planning,,,,,,,,,
Papua New Guinea,2014,aggr,7056,administration,229,2293,JICA Volunteer,,,,,,,,,
Papua New Guinea,2014,aggr,1397,administration,229,2294,JICA Training,,,,,,,,,
Papua New Guinea,2014,aggr,167600,administration,229,2295,General Administrative Services,,,,,,,,,
Papua New Guinea,2014,aggr,166250.9,administration,229,2296,National Strategic Planning,,,,,,,,,
Papua New Guinea,2014,aggr,10000,administration,229,2297,Water Transport Services,,,,,,,,,
Papua New Guinea,2014,aggr,20000,administration,229,2298,Kokopo City Infrastructure Development,,,,,,,,,
Papua New Guinea,2014,aggr,21909,administration,229,2299,Rural Development Programme,,,,,,,,,
Papua New Guinea,2014,aggr,10000,administration,229,22991,Other Multi-Functional Development Projects,,,,,,,,,
Papua New Guinea,2014,aggr,25000,administration,229,22992,PNG Church State Partnership Program,,,,,,,,,
Papua New Guinea,2014,aggr,61000,administration,229,22993,Government Accommodation and Public Service,,,,,,,,,
Papua New Guinea,2012,aggr,215060,administration,230,,Electoral Commission,,,,,,,,,
Papua New Guinea,2013,aggr,76383,administration,230,,Electoral Commission,,-0.6,,,,,,,
Papua New Guinea,2014,aggr,36981.2,administration,230,,Electoral Commission,,-0.5,,,,,,,
Papua New Guinea,2012,aggr,45280,administration,230,2301,Human Resource,,,,,,,,,
Papua New Guinea,2012,aggr,169780,administration,230,2302,Preparation and Conduct of Election,,,,,,,,,
Papua New Guinea,2012,aggr,0,administration,230,2303,Executive,,,,,,,,,
Papua New Guinea,2012,aggr,0,administration,230,2304,Internal Audit,,,,,,,,,
Papua New Guinea,2012,aggr,0,administration,230,2305,Policy,,,,,,,,,
Papua New Guinea,2012,aggr,0,administration,230,2306,Election administration,,,,,,,,,
Papua New Guinea,2012,aggr,0,administration,230,2307,Information Communication Awareness Branch,,,,,,,,,
Papua New Guinea,2012,aggr,0,administration,230,2308,Finance,,,,,,,,,
Papua New Guinea,2012,aggr,0,administration,230,2309,Information Technology,,,,,,,,,
Papua New Guinea,2012,aggr,0,administration,230,2310,Electoral Support Project Phase II,,,,,,,,,
Papua New Guinea,2013,aggr,26383,administration,230,2301,Human Resource,,,,,,,,,
Papua New Guinea,2013,aggr,50000,administration,230,2302,Preparation and Conduct of Election,,,,,,,,,
Papua New Guinea,2013,aggr,0,administration,230,2303,Executive,,,,,,,,,
Papua New Guinea,2013,aggr,0,administration,230,2304,Internal Audit,,,,,,,,,
Papua New Guinea,2013,aggr,0,administration,230,2305,Policy,,,,,,,,,
Papua New Guinea,2013,aggr,0,administration,230,2306,Election administration,,,,,,,,,
Papua New Guinea,2013,aggr,0,administration,230,2307,Information Communication Awareness Branch,,,,,,,,,
Papua New Guinea,2013,aggr,0,administration,230,2308,Finance,,,,,,,,,
Papua New Guinea,2013,aggr,0,administration,230,2309,Information Technology,,,,,,,,,
Papua New Guinea,2013,aggr,0,administration,230,2310,Electoral Support Project Phase II,,,,,,,,,
Papua New Guinea,2014,aggr,2638.6,administration,230,2301,Human Resource,,,,,,,,,
Papua New Guinea,2014,aggr,0,administration,230,2302,Preparation and Conduct of Election,,,,,,,,,
Papua New Guinea,2014,aggr,951,administration,230,2303,Executive,,,,,,,,,
Papua New Guinea,2014,aggr,428.5,administration,230,2304,Internal Audit,,,,,,,,,
Papua New Guinea,2014,aggr,2761.4,administration,230,2305,Policy,,,,,,,,,
Papua New Guinea,2014,aggr,4996.3,administration,230,2306,Election administration,,,,,,,,,
Papua New Guinea,2014,aggr,4090.3,administration,230,2307,Information Communication Awareness Branch,,,,,,,,,
Papua New Guinea,2014,aggr,6573,administration,230,2308,Finance,,,,,,,,,
Papua New Guinea,2014,aggr,3615.1,administration,230,2309,Information Technology,,,,,,,,,
Papua New Guinea,2014,aggr,10927,administration,230,2310,Electoral Support Project Phase II,,,,,,,,,
Papua New Guinea,2012,aggr,5147.9,administration,231,,National Intelligence Organisation,,,,,,,,,
Papua New Guinea,2013,aggr,4318.9,administration,231,,National Intelligence Organisation,,-0.2,,,,,,,
Papua New Guinea,2014,aggr,4372.5,administration,231,,National Intelligence Organisation,,0.0,,,,,,,
Papua New Guinea,2012,aggr,21695.7,administration,232,,Department for Local and Provincial Affairs,,,,,,,,,
Papua New Guinea,2013,aggr,74765.4,administration,232,,Department for Local and Provincial Affairs,,2.4,,,,,,,
Papua New Guinea,2014,aggr,74723.7,administration,232,,Department for Local and Provincial Affairs,,0.0,,,,,,,
Papua New Guinea,2012,aggr,664.4,administration,232,2321,"Border administration,  Assistance to Provinces & Refugees",,,,,,,,,
Papua New Guinea,2012,aggr,6424.1,administration,232,2322,General administration,,,,,,,,,
Papua New Guinea,2012,aggr,10441.1,administration,232,2323,National Disaster Management Services,,,,,,,,,
Papua New Guinea,2012,aggr,397.9,administration,232,2324,Sub-National Strategy,,,,,,,,,
Papua New Guinea,2012,aggr,0,administration,232,2325,PNG Disaster Risk Management Program 2010-2014,,,,,,,,,
Papua New Guinea,2012,aggr,3548.5,administration,232,2326,Support Services to Provincial Governments,,,,,,,,,
Papua New Guinea,2012,aggr,219.7,administration,232,2327,Ministerial Services,,,,,,,,,
Papua New Guinea,2012,aggr,0,administration,232,2328,Rural Development Programme,,,,,,,,,
Papua New Guinea,2013,aggr,1083.1,administration,232,2321,"Border administration,  Assistance to Provinces & Refugees",,,,,,,,,
Papua New Guinea,2013,aggr,6884.6,administration,232,2322,General administration,,,,,,,,,
Papua New Guinea,2013,aggr,3108.7,administration,232,2323,National Disaster Management Services,,,,,,,,,
Papua New Guinea,2013,aggr,53887,administration,232,2324,Sub-National Strategy,,,,,,,,,
Papua New Guinea,2013,aggr,5057,administration,232,2325,PNG Disaster Risk Management Program 2010-2014,,,,,,,,,
Papua New Guinea,2013,aggr,4544.5,administration,232,2326,Support Services to Provincial Governments,,,,,,,,,
Papua New Guinea,2013,aggr,200.5,administration,232,2327,Ministerial Services,,,,,,,,,
Papua New Guinea,2013,aggr,0,administration,232,2328,Rural Development Programme,,,,,,,,,
Papua New Guinea,2014,aggr,989.6,administration,232,2321,"Border administration,  Assistance to Provinces & Refugees",,,,,,,,,
Papua New Guinea,2014,aggr,6869.9,administration,232,2322,General administration,,,,,,,,,
Papua New Guinea,2014,aggr,3162.8,administration,232,2323,National Disaster Management Services,,,,,,,,,
Papua New Guinea,2014,aggr,48295,administration,232,2324,Sub-National Strategy,,,,,,,,,
Papua New Guinea,2014,aggr,3715,administration,232,2325,PNG Disaster Risk Management Program 2010-2014,,,,,,,,,
Papua New Guinea,2014,aggr,4484.9,administration,232,2326,Support Services to Provincial Governments,,,,,,,,,
Papua New Guinea,2014,aggr,205.5,administration,232,2327,Ministerial Services,,,,,,,,,
Papua New Guinea,2014,aggr,7001,administration,232,2328,Rural Development Programme,,,,,,,,,
Papua New Guinea,2012,aggr,13811,administration,232,,Department of Industrial Relations,,,,,,,,,
Papua New Guinea,2013,aggr,17184.9,administration,232,,Department of Industrial Relations,,0.2,,,,,,,
Papua New Guinea,2014,aggr,27093.3,administration,232,,Department of Industrial Relations,,0.6,,,,,,,
Papua New Guinea,2012,aggr,3489.4,administration,232,2321,Industrial Relations & International Co-operation,,,,,,,,,
Papua New Guinea,2012,aggr,2825,administration,232,2322,Labour administration,,,,,,,,,
Papua New Guinea,2012,aggr,478.4,administration,232,2323,Ministerial Services,,,,,,,,,
Papua New Guinea,2012,aggr,94.4,administration,232,2324,Occupational Safety & Health,,,,,,,,,
Papua New Guinea,2012,aggr,3650,administration,232,2325,Top Management and General administration,,,,,,,,,
Papua New Guinea,2012,aggr,3273.8,administration,232,2326,Human Resource Development & Employment Promotion,,,,,,,,,
Papua New Guinea,2013,aggr,3808.9,administration,232,2321,Industrial Relations & International Co-operation,,,,,,,,,
Papua New Guinea,2013,aggr,4155.9,administration,232,2322,Labour administration,,,,,,,,,
Papua New Guinea,2013,aggr,92.1,administration,232,2323,Ministerial Services,,,,,,,,,
Papua New Guinea,2013,aggr,1311.9,administration,232,2324,Occupational Safety & Health,,,,,,,,,
Papua New Guinea,2013,aggr,3978.8,administration,232,2325,Top Management and General administration,,,,,,,,,
Papua New Guinea,2013,aggr,3837.3,administration,232,2326,Human Resource Development & Employment Promotion,,,,,,,,,
Papua New Guinea,2014,aggr,3851,administration,232,2321,Industrial Relations & International Co-operation,,,,,,,,,
Papua New Guinea,2014,aggr,13972.8,administration,232,2322,Labour administration,,,,,,,,,
Papua New Guinea,2014,aggr,94.4,administration,232,2323,Ministerial Services,,,,,,,,,
Papua New Guinea,2014,aggr,1316.9,administration,232,2324,Occupational Safety & Health,,,,,,,,,
Papua New Guinea,2014,aggr,4011.2,administration,232,2325,Top Management and General administration,,,,,,,,,
Papua New Guinea,2014,aggr,3847,administration,232,2326,Human Resource Development & Employment Promotion,,,,,,,,,
Papua New Guinea,2012,aggr,886.4,administration,263,,National Tripartite Consultative Council,,,,,,,,,
Papua New Guinea,2013,aggr,918.7,administration,263,,National Tripartite Consultative Council,,0.0,,,,,,,
Papua New Guinea,2014,aggr,850.4,administration,263,,National Tripartite Consultative Council,,-0.1,,,,,,,
Papua New Guinea,2012,aggr,2206.2,administration,268,,Central Supply & Tenders Board,,,,,,,,,
Papua New Guinea,2013,aggr,2706.2,administration,268,,Central Supply & Tenders Board,,0.2,,,,,,,
Papua New Guinea,2014,aggr,2636.9,administration,268,,Central Supply & Tenders Board,,0.0,,,,,,,
Papua New Guinea,2012,aggr,335000,administration,299,,Public Debt Charges,,,,,,,,,
Papua New Guinea,2013,aggr,671200,administration,299,,Public Debt Charges,,1.0,,,,,,,
Papua New Guinea,2014,aggr,751300,administration,299,,Public Debt Charges,,0.1,,,,,,,
Papua New Guinea,2012,aggr,17819,administration,502,,Office of the Auditor-General,,,,,,,,,
Papua New Guinea,2013,aggr,18415,administration,502,,Office of the Auditor-General,,0.0,,,,,,,
Papua New Guinea,2014,aggr,18001,administration,502,,Office of the Auditor-General,,0.0,,,,,,,
Papua New Guinea,2012,aggr,17518,administration,503,,Ombudsman Commission,,,,,,,,,
Papua New Guinea,2013,aggr,18115,administration,503,,Ombudsman Commission,,0.0,,,,,,,
Papua New Guinea,2014,aggr,18115,administration,503,,Ombudsman Commission,,0.0,,,,,,,
Papua New Guinea,2012,aggr,2787,administration,506,,National Training Council,,,,,,,,,
Papua New Guinea,2013,aggr,12559,administration,506,,National Training Council,,3.5,,,,,,,
Papua New Guinea,2014,aggr,3125,administration,506,,National Training Council,,-0.8,,,,,,,
Papua New Guinea,2012,aggr,2996,administration,507,,National Economic & Fiscal Commission,,,,,,,,,
Papua New Guinea,2013,aggr,3082,administration,507,,National Economic & Fiscal Commission,,0.0,,,,,,,
Papua New Guinea,2014,aggr,2920,administration,507,,National Economic & Fiscal Commission,,-0.1,,,,,,,
Papua New Guinea,2012,aggr,5768,administration,507,,Papua New Guinea Accidents Investigation Commission,,,,,,,,,
Papua New Guinea,2013,aggr,7966,administration,507,,Papua New Guinea Accidents Investigation Commission,,0.4,,,,,,,
Papua New Guinea,2014,aggr,5566,administration,507,,Papua New Guinea Accidents Investigation Commission,,-0.3,,,,,,,