Category,Level1,Level2,Level3,Level4,Federal,,GovXFer,State,Local,Total
Vanuatu,Constitutional Agencies,Parliament Procedure and Legislative Office,Procedure and Legislative Affairs,,360565188,,,,,360565188
Vanuatu,Constitutional Agencies,Parliament Procedure and Legislative Office,Security and Protocol,,3778324,,,,,3778324
Vanuatu,Constitutional Agencies,Parliament Procedure and Legislative Office,Inter-Parliamentary Relations,,8999555,,,,,8999555
Vanuatu,Constitutional Agencies,Parliament Procedure and Legislative Office,Office of the Leader of the Opposition,,25495163,,,,,25495163
Vanuatu,Constitutional Agencies,Parliament Standing Committees Office,Committee of the Standing Orders,Standing Orders Committee Support,3287743,,,,,3287743
Vanuatu,Constitutional Agencies,Parliament Standing Committees Office,Committee on Parliamentary Privileges and Immunities,Parliamentary Privileges Committee Support,3283863,,,,,3283863
Vanuatu,Constitutional Agencies,Parliament Standing Committees Office,Committee on the Public Accounts,Public Accounts Committee Support,8005822,,,,,8005822
Vanuatu,Constitutional Agencies,Parliament Standing Committees Office,Committee on Institutions,Institutions Committee Support,3420370,,,,,3420370
Vanuatu,Constitutional Agencies,Parliament Standing Committees Office,Committee on Economic Policy,Legislative Review Committee,2597590,,,,,2597590
Vanuatu,Constitutional Agencies,Parliament Standing Committees Office,Committee on Social Policy,Provincial Affairs Committee,2613549,,,,,2613549
Vanuatu,Constitutional Agencies,Parliament Standing Committees Office,Committee on Foreign Affairs & External Trade,,2499000,,,,,2499000
Vanuatu,Constitutional Agencies,Parliament Standing Committees Office,Committee on Members of Parliament Ethics & Integrity,,3137243,,,,,3137243
Vanuatu,Constitutional Agencies,Parliament Hansard Office,Parliamentary Reporting,Parliamentary Reporting Section,8623698,,,,,8623698
Vanuatu,Constitutional Agencies,Parliament Hansard Office,Library and Archives,Library & Archives,3534469,,,,,3534469
Vanuatu,Constitutional Agencies,Parliament Corporate Services Office,Financial Management,,2821815,,,,,2821815
Vanuatu,Constitutional Agencies,Parliament Corporate Services Office,Personnel Administration and Maintenance,,21918660,,,,,21918660
Vanuatu,Constitutional Agencies,Parliament Corporate Services Office,Members Allocation,,52000000,,,,,52000000
Vanuatu,Constitutional Agencies,Malvatumauri,Administration of the National Council of Chiefs,,17800840,,,,,17800840
Vanuatu,Constitutional Agencies,Malvatumauri,Funds for 14 Islands Council of Chiefs,,5387000,,,,,5387000
Vanuatu,Constitutional Agencies,Malvatumauri,Malvatumauri Members Allowance,,6275304,,,,,6275304
Vanuatu,Constitutional Agencies,National Audit Office,Planning Policy & Standards,,6915003,,,,,6915003
Vanuatu,Constitutional Agencies,National Audit Office,Audit Operations,,17230204,,,,,17230204
Vanuatu,Constitutional Agencies,National Audit Office,Corporate Services,,8186282,,,,,8186282
Vanuatu,Constitutional Agencies,State Law Office,Office Administration,,81681228,,,,,81681228
Vanuatu,Constitutional Agencies,State Law Office,Financial Intelligence Unit,,10103175,,,,,10103175
Vanuatu,Constitutional Agencies,Public Prosecutor,Planning and Management,,8185449,,,,,8185449
Vanuatu,Constitutional Agencies,Public Prosecutor,Institute Criminal Proceedings,,24205566,,,,,24205566
Vanuatu,Constitutional Agencies,Public Prosecutor,Corporate Services,,3912885,,,,,3912885
Vanuatu,Constitutional Agencies,Public Prosecutor,Representation,,49948665,,,,,49948665
Vanuatu,Constitutional Agencies,Judiciary,Corporate Services,Human Resource,2487760,,,,,2487760
Vanuatu,Constitutional Agencies,Judiciary,Corporate Services,Account / Finance,5376866,,,,,5376866
Vanuatu,Constitutional Agencies,Judiciary,Corporate Services,Assets,6674748,,,,,6674748
Vanuatu,Constitutional Agencies,Judiciary,Corporate Services,Information Technology,633569,,,,,633569
Vanuatu,Constitutional Agencies,Judiciary,Corporate Services,Library / Archive,2413365,,,,,2413365
Vanuatu,Constitutional Agencies,Judiciary,Corporate Services,Security,509247,,,,,509247
Vanuatu,Constitutional Agencies,Judiciary,Corporate Services,Supreme Court Hall of Justice,485000,,,,,485000
Vanuatu,Constitutional Agencies,Judiciary,Court of Appeal,Court of Appeal Registry,16376848,,,,,16376848
Vanuatu,Constitutional Agencies,Judiciary,Supreme Court,Chief Justice Office,8921824,,,,,8921824
Vanuatu,Constitutional Agencies,Judiciary,Supreme Court,Principal Registry,21071500,,,,,21071500
Vanuatu,Constitutional Agencies,Judiciary,Supreme Court,Port Vila Registry,30223676,,,,,30223676
Vanuatu,Constitutional Agencies,Judiciary,Supreme Court,Luganville Registry,7045717,,,,,7045717
Vanuatu,Constitutional Agencies,Judiciary,Supreme Court,Isangel Registry,481475,,,,,481475
Vanuatu,Constitutional Agencies,Judiciary,Supreme Court,Sola Registry,500128,,,,,500128
Vanuatu,Constitutional Agencies,Judiciary,Supreme Court,Ambore Registry,560747,,,,,560747
Vanuatu,Constitutional Agencies,Judiciary,Supreme Court,Lakatoro Registry,560747,,,,,560747
Vanuatu,Constitutional Agencies,Judiciary,Supreme Court,Regional Conferences,1705000,,,,,1705000
Vanuatu,Constitutional Agencies,Judiciary,Magistrate Courts,Chief Magistrate Office,4790398,,,,,4790398
Vanuatu,Constitutional Agencies,Judiciary,Magistrate Courts,Port Vila MCt Office Registry,15356483,,,,,15356483
Vanuatu,Constitutional Agencies,Judiciary,Magistrate Courts,Lakatoro MC Registry,4504813,,,,,4504813
Vanuatu,Constitutional Agencies,Judiciary,Magistrate Courts,Isangel MC Registry,3944878,,,,,3944878
Vanuatu,Constitutional Agencies,Judiciary,Magistrate Courts,Luganville MC Registry,6283606,,,,,6283606
Vanuatu,Constitutional Agencies,Judiciary,Magistrate Courts,Sola MC Registry,391000,,,,,391000
Vanuatu,Constitutional Agencies,Judiciary,Magistrate Courts,Amobore MC Registry,463747,,,,,463747
Vanuatu,Constitutional Agencies,Judiciary,Island Courts,Senior Administrator Office,2602559,,,,,2602559
Vanuatu,Constitutional Agencies,Judiciary,Island Courts,Efate Island Court,2894352,,,,,2894352
Vanuatu,Constitutional Agencies,Judiciary,Island Courts,Santo Malo Island Court,2000053,,,,,2000053
Vanuatu,Constitutional Agencies,Judiciary,Island Courts,Tanna Island Court,1923349,,,,,1923349
Vanuatu,Constitutional Agencies,Judiciary,Island Courts,Ambae Island Court,1938458,,,,,1938458
Vanuatu,Constitutional Agencies,Judiciary,Island Courts,Pentecost Island Court,2069327,,,,,2069327
Vanuatu,Constitutional Agencies,Judiciary,Island Courts,Malekula Island Court,1975068,,,,,1975068
Vanuatu,Constitutional Agencies,Judiciary,Island Courts,Tongoa Island Court,1719196,,,,,1719196
Vanuatu,Constitutional Agencies,Judiciary,Island Courts,Ambrym Island Court,1934218,,,,,1934218
Vanuatu,Constitutional Agencies,Judiciary,Island Courts,Epi Island Court,1814798,,,,,1814798
Vanuatu,Constitutional Agencies,Judiciary,Island Courts,Banks Torres Island Court,1846003,,,,,1846003
Vanuatu,Constitutional Agencies,Judiciary,Land Courts,Efate Island Court,564500,,,,,564500
Vanuatu,Constitutional Agencies,Judiciary,Land Courts,Santo Malo Island Court,491000,,,,,491000
Vanuatu,Constitutional Agencies,Judiciary,Land Courts,Tanna Island Court,492500,,,,,492500
Vanuatu,Constitutional Agencies,Judiciary,Land Courts,Ambae Island Court,420675,,,,,420675
Vanuatu,Constitutional Agencies,Judiciary,Land Courts,Pentecost Island Court,466000,,,,,466000
Vanuatu,Constitutional Agencies,Judiciary,Land Courts,Malekula Island Court,457500,,,,,457500
Vanuatu,Constitutional Agencies,Judiciary,Land Courts,Tongoa Island Court,441150,,,,,441150
Vanuatu,Constitutional Agencies,Judiciary,Land Courts,Erromango Island Court,417500,,,,,417500
Vanuatu,Constitutional Agencies,Judiciary,Land Courts,Banks Torres Island Court,417500,,,,,417500
Vanuatu,Constitutional Agencies,Judiciary,Land Courts,Land Appeals,620050,,,,,620050
Vanuatu,Constitutional Agencies,Judiciary,Land Courts,,4788375,,,,,4788375
Vanuatu,Constitutional Agencies,Judiciary,Enforcement,Sheriff Office,6824106,,,,,6824106
Vanuatu,Constitutional Agencies,Judiciary,Judicial Development & Training,Judicial Development & Training,3019375,,,,,3019375
Vanuatu,Constitutional Agencies,Judiciary,Judicial Development & Training,Staff Training & Development,1220000,,,,,1220000
Vanuatu,Constitutional Agencies,Judiciary,Case Management,Case Management Support,852500,,,,,852500
Vanuatu,Constitutional Agencies,Judiciary,Case Management,,852500,,,,,852500
Vanuatu,Constitutional Agencies,Public Service Commission,Corporate Services Unit,,41888415,,,,,41888415
Vanuatu,Constitutional Agencies,Public Service Commission,Human Resource Management,,17562689,,,,,17562689
Vanuatu,Constitutional Agencies,Public Service Commission,Performance Improvement Unit,,12673143,,,,,12673143
Vanuatu,Constitutional Agencies,Public Service Commission,Human Resource Development,,16552000,,,,,16552000
Vanuatu,Constitutional Agencies,Public Service Commission,Public Service Legal Unit,,6692703,,,,,6692703
Vanuatu,Constitutional Agencies,Citizenship Commission,Citizenship Commission,Citizenship Commission,4057324,,,,,4057324
Vanuatu,Constitutional Agencies,Judicial Service Commission,Decision Making,,338000,,,,,338000
Vanuatu,Constitutional Agencies,Judicial Service Commission,Administrative Support Services,,528830,,,,,528830
Vanuatu,Prime Ministers Ministry,Strategic Management,Policy Sectors,,35241081,,,,,35241081
Vanuatu,Prime Ministers Ministry,Strategic Management,Aid Coordination Unit,,10999546,,,,,10999546
Vanuatu,Prime Ministers Ministry,Strategic Management,Monitoring & Evaluation Unit,,12269761,,,,,12269761
Vanuatu,Prime Ministers Ministry,Strategic Management,Vanuatu Project Management Unit (VPMU),,25432586,,,,,25432586
Vanuatu,Prime Ministers Ministry,Internal Security and Border Control,Joint Command and Control,Commisioner's Office,0,,,,,0
Vanuatu,Prime Ministers Ministry,Internal Security and Border Control,Joint Command and Control,Corporate Services Unit,0,,,,,0
Vanuatu,Prime Ministers Ministry,Internal Security and Border Control,Joint Command and Control,Joint Planning Operation Center,0,,,,,0
Vanuatu,Prime Ministers Ministry,Internal Security and Border Control,Joint Command and Control,Special Branch,0,,,,,0
Vanuatu,Prime Ministers Ministry,Internal Security and Border Control,Joint Command and Control,Joint Command Operation,0,,,,,0
Vanuatu,Prime Ministers Ministry,Internal Security and Border Control,Joint Command and Control,Transnational Crime Unit,0,,,,,0
Vanuatu,Prime Ministers Ministry,Internal Security and Border Control,Joint Command and Control,Oversea Missions,0,,,,,0
Vanuatu,Prime Ministers Ministry,Internal Security and Border Control,Joint Command and Control,Police Recruit,0,,,,,0
Vanuatu,Prime Ministers Ministry,Internal Security and Border Control,Joint Command and Control,Police College,0,,,,,0
Vanuatu,Prime Ministers Ministry,Internal Security and Border Control,Joint Command and Control,Luganville General Duty Policing,0,,,,,0
Vanuatu,Prime Ministers Ministry,Internal Security and Border Control,Joint Command and Control,Northern Command HQ,0,,,,,0
Vanuatu,Prime Ministers Ministry,Internal Security and Border Control,Police District Northern,Luganville CID & SB,0,,,,,0
Vanuatu,Prime Ministers Ministry,Internal Security and Border Control,Police District Northern,Torba Police,0,,,,,0
Vanuatu,Prime Ministers Ministry,Internal Security and Border Control,Police District Central,Central Command HQ,0,,,,,0
Vanuatu,Prime Ministers Ministry,Internal Security and Border Control,Police District Central,Malampa Police,0,,,,,0
Vanuatu,Prime Ministers Ministry,Internal Security and Border Control,Police District Central,Penama Police,0,,,,,0
Vanuatu,Prime Ministers Ministry,Internal Security and Border Control,Police District Central,Port Vila VIP Security,0,,,,,0
Vanuatu,Prime Ministers Ministry,Internal Security and Border Control,Police District Northern,Southern Command HQ,0,,,,,0
Vanuatu,Prime Ministers Ministry,Internal Security and Border Control,Police District Southern,Port Vila General Duty Policing,0,,,,,0
Vanuatu,Prime Ministers Ministry,Internal Security and Border Control,Police District Southern,Port Vila CID,0,,,,,0
Vanuatu,Prime Ministers Ministry,Internal Security and Border Control,Police District Southern,Port Vila Prosecution,0,,,,,0
Vanuatu,Prime Ministers Ministry,Internal Security and Border Control,Police District Southern,Port Vila Traffic,0,,,,,0
Vanuatu,Prime Ministers Ministry,Internal Security and Border Control,Police District Southern,Tafea Police Station,0,,,,,0
Vanuatu,Prime Ministers Ministry,Internal Security and Border Control,Police District Southern,Shepherd's Police,0,,,,,0
Vanuatu,Prime Ministers Ministry,Internal Security and Border Control,Vanuatu Mobile Force,Mobile Force HQ,0,,,,,0
Vanuatu,Prime Ministers Ministry,Internal Security and Border Control,Vanuatu Mobile Force,Surveillance and Response Force,0,,,,,0
Vanuatu,Prime Ministers Ministry,Internal Security and Border Control,Vanuatu Mobile Force,Fire Services,0,,,,,0
Vanuatu,Prime Ministers Ministry,Internal Security and Border Control,Vanuatu Mobile Force,Supplier and Armory,0,,,,,0
Vanuatu,Prime Ministers Ministry,Internal Security and Border Control,Vanuatu Mobile Force,Band,0,,,,,0
Vanuatu,Prime Ministers Ministry,Internal Security and Border Control,Vanuatu Mobile Force,Workshop,0,,,,,0
Vanuatu,Prime Ministers Ministry,Internal Security and Border Control,Vanuatu Mobile Force,Engineering,0,,,,,0
Vanuatu,Prime Ministers Ministry,Internal Security and Border Control,Vanuatu Mobile Force,Luganville Detechment,0,,,,,0
Vanuatu,Prime Ministers Ministry,Internal Security and Border Control,Police District Southern,RVS Mala Base,0,,,,,0
Vanuatu,Prime Ministers Ministry,Internal Security and Border Control,Police Maritime Wing,RVS Tukoro,0,,,,,0
Vanuatu,Prime Ministers Ministry,Internal Security and Border Control,Police Maritime Wing,Luganville Detechment,0,,,,,0
Vanuatu,Prime Ministers Ministry,Office of the Prime Minister,Cabinet,,58449042,,,,,58449042
Vanuatu,Prime Ministers Ministry,Office of the Prime Minister,Independence Celebrations,,970000,,,,,970000
Vanuatu,Prime Ministers Ministry,Office of the Prime Minister,International Travel,,10628083,,,,,10628083
Vanuatu,Prime Ministers Ministry,Office of the Prime Minister,Entertainment Fund,,1940000,,,,,1940000
Vanuatu,Prime Ministers Ministry,Office of the Prime Minister,Local Travel,,1705000,,,,,1705000
Vanuatu,Prime Ministers Ministry,Director General's Office,PMO Corporate Services,,20783603,,,,,20783603
Vanuatu,Prime Ministers Ministry,Director General's Office,Utilities,,5199200,,,,,5199200
Vanuatu,Prime Ministers Ministry,Director General's Office,Community Development Fund,,9966667,,,,,9966667
Vanuatu,Prime Ministers Ministry,Language Services,Language Services,,20491940,,,,,20491940
Vanuatu,Prime Ministers Ministry,Language Services,Training & Language Awareness,,0,,,,,0
Vanuatu,Prime Ministers Ministry,Language Services,Administration,,8213286,,,,,8213286
Vanuatu,Prime Ministers Ministry,Information Communication and Technology Policy and Administration,Administration & Operations,,214244706,,,,,214244706
Vanuatu,Prime Ministers Ministry,Information Communication and Technology Policy and Administration,Government Broadband Network,,66199523,,,,,66199523
Vanuatu,Prime Ministers Ministry,Internal Security and Border Control,Joint Command and Control,,201170506,,,,,201170506
Vanuatu,Prime Ministers Ministry,Internal Security and Border Control,Police District Northern,Sanma Police,0,,,,,0
Vanuatu,Prime Ministers Ministry,Internal Security and Border Control,Police District Central,,39939947,,,,,39939947
Vanuatu,Prime Ministers Ministry,Internal Security and Border Control,Police District Southern,,194973148,,,,,194973148
Vanuatu,Prime Ministers Ministry,Internal Security and Border Control,Vanuatu Mobile Force,,216204089,,,,,216204089
Vanuatu,Prime Ministers Ministry,Internal Security and Border Control,Police Maritime Wing,Maritime Surveillance,0,,,,,0
Vanuatu,Ministry of Education,Executive Management and Corporate Services,Director General's Division,Office of the Director General,8466217,,,,,8466217
Vanuatu,Ministry of Education,Executive Management and Corporate Services,Director General's Division,Internal Audit Unit,9188089,,,,,9188089
Vanuatu,Ministry of Education,Executive Management and Corporate Services,Director General's Division,Human Resource Management Unit,6467023,,,,,6467023
Vanuatu,Ministry of Education,Executive Management and Corporate Services,Director General's Division,Office of the Director of Administration & Finance,0,,,,,0
Vanuatu,Ministry of Education,Executive Management and Corporate Services,Administration & Finance Division,Finance Unit,14706747,,,,,14706747
Vanuatu,Ministry of Education,Executive Management and Corporate Services,Administration & Finance Division,Training and Scholarship Coordination Unit,13605221,,,,,13605221
Vanuatu,Ministry of Education,Executive Management and Corporate Services,Administration & Finance Division,Administration Unit,9612051,,,,,9612051
Vanuatu,Ministry of Education,Executive Management and Corporate Services,Administration & Finance Division,Procurement & Assets Unit,3864515,,,,,3864515
Vanuatu,Ministry of Education,Executive Management and Corporate Services,Administration & Finance Division,Policy and Planning Unit,0,,,,,0
Vanuatu,Ministry of Education,Executive Management and Corporate Services,Policy & Planning Division,Office of the Director of Policy and Planning,5952954,,,,,5952954
Vanuatu,Ministry of Education,Executive Management and Corporate Services,Policy & Planning Division,Facilities Unit,6451524,,,,,6451524
Vanuatu,Ministry of Education,Executive Management and Corporate Services,Policy & Planning Division,Information and Communication Technology Unit,19227201,,,,,19227201
Vanuatu,Ministry of Education,Executive Management and Corporate Services,Policy & Planning Division,VEMIS Unit,6262565,,,,,6262565
Vanuatu,Ministry of Education,Executive Management and Corporate Services,Policy & Planning Division,Human Resource Development,2292658,,,,,2292658
Vanuatu,Ministry of Education,School Administration Division,Office of the Director of School Administration,,8452500,,,,,8452500
Vanuatu,Ministry of Education,School Administration Division,Primary Education Unit,,13826647,,,,,13826647
Vanuatu,Ministry of Education,School Administration Division,Secondary Education Unit,,6367806,,,,,6367806
Vanuatu,Ministry of Education,School Administration Division,Early Childhood Education Unit,,2920543,,,,,2920543
Vanuatu,Ministry of Education,School Administration Division,Torba Provincial Education Office,,10116381,,,,,10116381
Vanuatu,Ministry of Education,School Administration Division,Sanma Provincial Education Office,,11297133,,,,,11297133
Vanuatu,Ministry of Education,School Administration Division,Penama Provincial Education Office,,12802765,,,,,12802765
Vanuatu,Ministry of Education,School Administration Division,Malampa Provincial Education Office,,12307787,,,,,12307787
Vanuatu,Ministry of Education,School Administration Division,Shefa Provincial Education Office,,14510343,,,,,14510343
Vanuatu,Ministry of Education,School Administration Division,Tafea Provincial Education Office,,13338574,,,,,13338574
Vanuatu,Ministry of Education,School Administration Division,Government Assisted Education Authority Unit,,6146562,,,,,6146562
Vanuatu,Ministry of Education,School Administration Division,Training & Scholarship Coordination Unit,,0,,,,,0
Vanuatu,Ministry of Education,School Administration Division,Technical & Higher Education Unit,,17502496,,,,,17502496
Vanuatu,Ministry of Education,Secondary Schools Division,Torba Secondary Schools,,17784494,,,,,17784494
Vanuatu,Ministry of Education,Secondary Schools Division,Sanma Secondary Schools,,159066016,,,,,159066016
Vanuatu,Ministry of Education,Secondary Schools Division,Penama Secondary Schools,,48566269,,,,,48566269
Vanuatu,Ministry of Education,Secondary Schools Division,Malampa Secondary Schools,,122064488,,,,,122064488
Vanuatu,Ministry of Education,Secondary Schools Division,Shefa Secondary Schools,,271578189,,,,,271578189
Vanuatu,Ministry of Education,Secondary Schools Division,Tafea Secondary School,,95104027,,,,,95104027
Vanuatu,Ministry of Education,Secondary Schools Division,Catholic Secondary Schools,,170891714,,,,,170891714
Vanuatu,Ministry of Education,Secondary Schools Division,Protestant Secondary Schools,,28836998,,,,,28836998
Vanuatu,Ministry of Education,Secondary Schools Division,Apostolic Secondary Schools,,4826428,,,,,4826428
Vanuatu,Ministry of Education,Secondary Schools Division,SDA Secondary Schools,,44093433,,,,,44093433
Vanuatu,Ministry of Education,Secondary Schools Division,Church of Malanesia Secondary Schools,,30977987,,,,,30977987
Vanuatu,Ministry of Education,Secondary Schools Division,Church of Christ Secondary Schools,,21021891,,,,,21021891
Vanuatu,Ministry of Education,Secondary Schools Division,Prebyterian Secondary Schools,,25535656,,,,,25535656
Vanuatu,Ministry of Education,Secondary Schools Division,Secondary Schools Grant,,92560000,,,,,92560000
Vanuatu,Ministry of Education,Secondary Schools Division,Secondary Teachers Incidentals,,3395000,,,,,3395000
Vanuatu,Ministry of Education,Secondary Schools Division,Bahai'i Secondary Schools,,1774710,,,,,1774710
Vanuatu,Ministry of Education,Secondary Schools Division,VFF Academy Secondary Schools,,1587510,,,,,1587510
Vanuatu,Ministry of Education,Secondary Schools Division,NTM Secondary Schools,,3238918,,,,,3238918
Vanuatu,Ministry of Education,Secondary Schools Division,Secondary Teachers on Scholarship,,33786374,,,,,33786374
Vanuatu,Ministry of Education,Technical & Higher Education Division,Vanuatu Institute of Technology,,101922050,,,,,101922050
Vanuatu,Ministry of Education,Primary Schools Division,Torba Primary Schools,,59695846,,,,,59695846
Vanuatu,Ministry of Education,Primary Schools Division,Sanma Primary Schools,,213354624,,,,,213354624
Vanuatu,Ministry of Education,Primary Schools Division,Penama Primary Schools,,148448170,,,,,148448170
Vanuatu,Ministry of Education,Primary Schools Division,Malampa Primary Schools,,172292899,,,,,172292899
Vanuatu,Ministry of Education,Primary Schools Division,Shefa Primary Schools,,363915448,,,,,363915448
Vanuatu,Ministry of Education,Primary Schools Division,Tafea Primary Schools,,174218294,,,,,174218294
Vanuatu,Ministry of Education,Primary Schools Division,Catholic Primary Schools,,262673487,,,,,262673487
Vanuatu,Ministry of Education,Primary Schools Division,Protestant Primary Schools,,39497599,,,,,39497599
Vanuatu,Ministry of Education,Primary Schools Division,Apostolic Primary Schools,,2442694,,,,,2442694
Vanuatu,Ministry of Education,Primary Schools Division,SDA Primary Schools,,29659641,,,,,29659641
Vanuatu,Ministry of Education,Primary Schools Division,Schools Solar Panel Maintenance,,0,,,,,0
Vanuatu,Ministry of Education,Primary Schools Division,Provincial Education Office Maintenance,,2910000,,,,,2910000
Vanuatu,Ministry of Education,Primary Schools Division,Pre Schools Grant,,4000000,,,,,4000000
Vanuatu,Ministry of Education,Primary Schools Division,Primary Schools Grant,,252890663,,,,,252890663
Vanuatu,Ministry of Education,Primary Schools Division,Primary Teachers Incidentials,,5852835,,,,,5852835
Vanuatu,Ministry of Education,Primary Schools Division,Church of Melanesia Primary Schools,,3244605,,,,,3244605
Vanuatu,Ministry of Education,Primary Schools Division,Presbyterian Primary Schools,,7130345,,,,,7130345
Vanuatu,Ministry of Education,Primary Schools Division,Neil Thomas Ministry Primary Schools,,3321785,,,,,3321785
Vanuatu,Ministry of Education,Primary Schools Division,VFF Academy Primary Schools,,3426921,,,,,3426921
Vanuatu,Ministry of Education,Primary Schools Division,Primary Teachers on Scholarship,,9666011,,,,,9666011
Vanuatu,Ministry of Education,School Support Services Division,Curriculum Development Unit,,0,,,,,0
Vanuatu,Ministry of Education,Technical & Higher Education Division,Vanuatu Institute of Teacher Education,,77267618,,,,,77267618
Vanuatu,Ministry of Education,Technical & Higher Education Division,In Service Unit,,23179516,,,,,23179516
Vanuatu,Ministry of Education,Technical & Higher Education Division,Vanuatu Government Scholarship Fund,,459515006,,,,,459515006
Vanuatu,Ministry of Education,Technical & Higher Education Division,Tafea Primary School,,0,,,,,0
Vanuatu,Ministry of Education,School Support Services Division,Examination & Assessment Unit,,23936061,,,,,23936061
Vanuatu,Ministry of Education,School Support Services Division,School Based Management Unit,,16077401,,,,,16077401
Vanuatu,Ministry of Education,School Support Services Division,Zone Curriculum Advisors,,82363752,,,,,82363752
Vanuatu,Ministry of Internal Affairs,Cabinet Support,Portfolio Management,,41043757,,,,,41043757
Vanuatu,Ministry of Internal Affairs,Cabinet Support,Corporate Services,,35316274,,,,,35316274
Vanuatu,Ministry of Internal Affairs,Cabinet Support,Independence Celebration,,7616500,,,,,7616500
Vanuatu,Ministry of Internal Affairs,Cabinet Support,Crime Prevention,,1846000,,,,,1846000
Vanuatu,Ministry of Internal Affairs,Decentralisation Services,Grants to Provinces,,254503820,,,,,254503820
Vanuatu,Ministry of Internal Affairs,Decentralisation Services,Grants to Municipalities,,17516840,,,,,17516840
Vanuatu,Ministry of Internal Affairs,Decentralisation Services,Administration of Regional Services,Corporate Services,14904163,,,,,14904163
Vanuatu,Ministry of Internal Affairs,Decentralisation Services,Administration of Regional Services,Development Planning,11024419,,,,,11024419
Vanuatu,Ministry of Internal Affairs,Decentralisation Services,Administration of Regional Services,Financial Services,3878323,,,,,3878323
Vanuatu,Ministry of Internal Affairs,Decentralisation Services,Administration of Regional Services,Physical & Urban Planning,4922052,,,,,4922052
Vanuatu,Ministry of Internal Affairs,Decentralisation Services,Administration of Regional Services,Decentralization Services Unit,5672500,,,,,5672500
Vanuatu,Ministry of Internal Affairs,Decentralisation Services,Administration of Regional Services,Legal Service Unit,3086322,,,,,3086322
Vanuatu,Ministry of Internal Affairs,Internal Security and Border Control,Border Control,,90188525,,,,,90188525
Vanuatu,Ministry of Internal Affairs,Internal Security and Border Control,Issue of Passports,,14919695,,,,,14919695
Vanuatu,Ministry of Internal Affairs,National Services,Labour Regulation,General Administration,17659513,,,,,17659513
Vanuatu,Ministry of Internal Affairs,National Services,Labour Regulation,Industrial Relations Unit,10216090,,,,,10216090
Vanuatu,Ministry of Internal Affairs,National Services,Labour Regulation,Occupational Health & Safety Unit,7181098,,,,,7181098
Vanuatu,Ministry of Internal Affairs,National Services,Labour Regulation,Manpower & Training Unit (ESU),11363963,,,,,11363963
Vanuatu,Ministry of Internal Affairs,National Services,Labour Regulation,Tripartite Labour Advisory Council,1736746,,,,,1736746
Vanuatu,Ministry of Internal Affairs,National Services,Labour Regulation,International Labour Conference,1761492,,,,,1761492
Vanuatu,Ministry of Internal Affairs,National Services,Labour Regulation,Travel & Subsistance,1291487,,,,,1291487
Vanuatu,Ministry of Internal Affairs,National Services,Electoral Services,Office Administration,19047067,,,,,19047067
Vanuatu,Ministry of Internal Affairs,National Services,Conduct of Elections,Election Management,0,,,,,0
Vanuatu,Ministry of Internal Affairs,National Services,Civil Registry,,17357629,,,,,17357629
Vanuatu,Ministry of Finance and Economic Management,Executive Management and Corporate Services,Ministry Executive & Internal Audit,Director - NSO,3122710,,,,,3122710
Vanuatu,Ministry of Finance and Economic Management,Executive Management and Corporate Services,Ministry Executive & Internal Audit,Office of the Director General,17343012,,,,,17343012
Vanuatu,Ministry of Finance and Economic Management,Executive Management and Corporate Services,Ministry Executive & Internal Audit,Internal Audit Section,11948367,,,,,11948367
Vanuatu,Ministry of Finance and Economic Management,Executive Management and Corporate Services,Ministry Executive & Internal Audit,Office of the Director General,0,,,,,0
Vanuatu,Ministry of Finance and Economic Management,Executive Management and Corporate Services,Ministry Executive & Internal Audit,Director - DOF,6522245,,,,,6522245
Vanuatu,Ministry of Finance and Economic Management,Executive Management and Corporate Services,Ministry Executive & Internal Audit,Director - Customs,10953327,,,,,10953327
Vanuatu,Ministry of Finance and Economic Management,Executive Management and Corporate Services,Corporate Services,NSO Office Admin,5055504,,,,,5055504
Vanuatu,Ministry of Finance and Economic Management,Executive Management and Corporate Services,Corporate Services,Ministry Executive,26323658,,,,,26323658
Vanuatu,Ministry of Finance and Economic Management,Executive Management and Corporate Services,Corporate Services,DOF Corporate Services Section,45816233,,,,,45816233
Vanuatu,Ministry of Finance and Economic Management,Executive Management and Corporate Services,Corporate Services,Customs Corporate Services,34647288,,,,,34647288
Vanuatu,Ministry of Finance and Economic Management,Executive Management and Corporate Services,Information Services,FMIS Section,50062602,,,,,50062602
Vanuatu,Ministry of Finance and Economic Management,Executive Management and Corporate Services,Information Services,Customs Information Services,37224180,,,,,37224180
Vanuatu,Ministry of Finance and Economic Management,Financial And Economic Management,Economic Policy Development,,22338207,,,,,22338207
Vanuatu,Ministry of Finance and Economic Management,Financial And Economic Management,Government Financial Services,Government Business Enterprise Unit,0,,,,,0
Vanuatu,Ministry of Finance and Economic Management,Financial And Economic Management,Government Financial Services,Tender Board,7642750,,,,,7642750
Vanuatu,Ministry of Finance and Economic Management,Financial And Economic Management,Government Financial Services,Budget Section,45488318,,,,,45488318
Vanuatu,Ministry of Finance and Economic Management,Financial And Economic Management,Government Financial Services,Revenue Section,17430761,,,,,17430761
Vanuatu,Ministry of Finance and Economic Management,Financial And Economic Management,Government Financial Services,Payroll Section,28303778,,,,,28303778
Vanuatu,Ministry of Finance and Economic Management,Financial And Economic Management,Government Financial Services,Payments Section,23429760,,,,,23429760
Vanuatu,Ministry of Finance and Economic Management,Financial And Economic Management,Government Financial Services,Procurement and Asset Management Section,10877026,,,,,10877026
Vanuatu,Ministry of Finance and Economic Management,Financial And Economic Management,Government Financial Services,Financial Accounting Section,20088566,,,,,20088566
Vanuatu,Ministry of Finance and Economic Management,Financial And Economic Management,Government Financial Services,Legal Unit,7569394,,,,,7569394
Vanuatu,Ministry of Finance and Economic Management,Financial And Economic Management,Government Financial Services,Land Compensation payment,125000000,,,,,125000000
Vanuatu,Ministry of Finance and Economic Management,Financial And Economic Management,Government Financial Services,Treasury Divison,13205306,,,,,13205306
Vanuatu,Ministry of Finance and Economic Management,Financial And Economic Management,Government Financial Services,Aid Coordination Section,7477650,,,,,7477650
Vanuatu,Ministry of Finance and Economic Management,Financial And Economic Management,Government Financial Services,Finance and Administration Section,7322886,,,,,7322886
Vanuatu,Ministry of Finance and Economic Management,Financial And Economic Management,Government Financial Services,Government Business Monitoring and Evaluation Section,11233856,,,,,11233856
Vanuatu,Ministry of Finance and Economic Management,Financial And Economic Management,Government Financial Services,Accounting Group (Financial Controller),4687407,,,,,4687407
Vanuatu,Ministry of Finance and Economic Management,Financial And Economic Management,Government Financial Services,Line Agency Accounting Section,3581110,,,,,3581110
Vanuatu,Ministry of Finance and Economic Management,Financial And Economic Management,Government Financial Services,Finance Services Bureau Malampa Province,3225859,,,,,3225859
Vanuatu,Ministry of Finance and Economic Management,Financial And Economic Management,Government Financial Services,Finance Services Bureau Torba Province,2158962,,,,,2158962
Vanuatu,Ministry of Finance and Economic Management,Financial And Economic Management,Government Financial Services,Finance Services Bureau Sanma Province,5177093,,,,,5177093
Vanuatu,Ministry of Finance and Economic Management,Financial And Economic Management,Government Financial Services,Finance Services Bureau Tafea Province,2920564,,,,,2920564
Vanuatu,Ministry of Finance and Economic Management,Financial And Economic Management,Government Financial Services,Finance Services Bureau Penama Province,2890411,,,,,2890411
Vanuatu,Ministry of Finance and Economic Management,National Statistics,National Statistical Collection Analysis & Reporting,Emoluments Section,34414196,,,,,34414196
Vanuatu,Ministry of Finance and Economic Management,National Statistics,National Statistical Collection Analysis & Reporting,Provincial Offices,0,,,,,0
Vanuatu,Ministry of Finance and Economic Management,National Statistics,Provincial Statistics Offices,Statistical Leadership and Coordination Section,2223915,,,,,2223915
Vanuatu,Ministry of Finance and Economic Management,National Statistics,Provincial Statistics Offices,Economic Section,2709001,,,,,2709001
Vanuatu,Ministry of Finance and Economic Management,National Statistics,Provincial Statistics Offices,Social Section,1071502,,,,,1071502
Vanuatu,Ministry of Finance and Economic Management,Financial And Economic Management,Government Financial Services,Central Payments,0,,,,,0
Vanuatu,Ministry of Finance and Economic Management,Revenue Collection,Customs and Excise Collections,Customs Revenue. Trades Tariff & Compliance,33234116,,,,,33234116
Vanuatu,Ministry of Finance and Economic Management,Revenue Collection,Customs and Excise Collections,Customs Post Clearance & Excise Audit,20855116,,,,,20855116
Vanuatu,Ministry of Finance and Economic Management,Revenue Collection,Customs and Excise Collections,Customs Revenue - Santo,19877106,,,,,19877106
Vanuatu,Ministry of Finance and Economic Management,Executive Management and Corporate Services,Corporate Services,VAT Revenue Section,0,,,,,0
Vanuatu,Ministry of Finance and Economic Management,Executive Management and Corporate Services,Corporate Services,VAT Audit Section,0,,,,,0
Vanuatu,Ministry of Finance and Economic Management,Revenue Collection,VAT Collections,,77588627,,,,,77588627
Vanuatu,Ministry of Finance and Economic Management,Financial And Economic Management,Government Financial Services,Rates & Taxes Section,0,,,,,0
Vanuatu,Ministry of Finance and Economic Management,Revenue Collection,Rates and Taxes Collection,,30571417,,,,,30571417
Vanuatu,Ministry of Finance and Economic Management,Border Control and Enforcement,Customs Border Control,,36449701,,,,,36449701
Vanuatu,Ministry of Finance and Economic Management,Border Control and Enforcement,Customs Border Control - Santo,,9680511,,,,,9680511
Vanuatu,Ministry of Commerce Industry Tourism and Ni-Vanuatu Business,Executive Management and Corporate Services,Executive Management,Trade & Cooperative Executive Management,29162690,,,,,29162690
Vanuatu,Ministry of Commerce Industry Tourism and Ni-Vanuatu Business,Executive Management and Corporate Services,Executive Management,Copra Subsidy,60000000,,,,,60000000
Vanuatu,Ministry of Commerce Industry Tourism and Ni-Vanuatu Business,Executive Management and Corporate Services,Food Technology,Product Development Section,3743948,,,,,3743948
Vanuatu,Ministry of Commerce Industry Tourism and Ni-Vanuatu Business,Executive Management and Corporate Services,Food Technology,Administration,3412824,,,,,3412824
Vanuatu,Ministry of Commerce Industry Tourism and Ni-Vanuatu Business,Executive Management and Corporate Services,Food Technology,Laboratory Section,1697568,,,,,1697568
Vanuatu,Ministry of Commerce Industry Tourism and Ni-Vanuatu Business,Executive Management and Corporate Services,Vanuatu Intellectual Property Development,Intellectual Property Right,4993605,,,,,4993605
Vanuatu,Ministry of Commerce Industry Tourism and Ni-Vanuatu Business,Industry Development,Primary Industries Development Section,Primary Industry Division,3618826,,,,,3618826
Vanuatu,Ministry of Commerce Industry Tourism and Ni-Vanuatu Business,Industry Development,Provincial Industrial Extension Services,Trade Development Division,5937910,,,,,5937910
Vanuatu,Ministry of Commerce Industry Tourism and Ni-Vanuatu Business,Industry Development,Provincial Industrial Extension Services,IDO Sanma,2366961,,,,,2366961
Vanuatu,Ministry of Commerce Industry Tourism and Ni-Vanuatu Business,Industry Development,Provincial Industrial Extension Services,IDO Shefa,1467461,,,,,1467461
Vanuatu,Ministry of Commerce Industry Tourism and Ni-Vanuatu Business,Industry Development,Provincial Industrial Extension Services,IDO Tafea,1467461,,,,,1467461
Vanuatu,Ministry of Commerce Industry Tourism and Ni-Vanuatu Business,Industry Development,Provincial Industrial Extension Services,IDO Penama,1442501,,,,,1442501
Vanuatu,Ministry of Commerce Industry Tourism and Ni-Vanuatu Business,Industry Development,Provincial Industrial Extension Services,IDO Malampa,1467461,,,,,1467461
Vanuatu,Ministry of Commerce Industry Tourism and Ni-Vanuatu Business,Industry Development,Policy Planning Administration & Financial Comprising,Policy & Admin Division,8307332,,,,,8307332
Vanuatu,Ministry of Commerce Industry Tourism and Ni-Vanuatu Business,Industry Development,Marketing & Promotion Section,Marketing & Promotion Division,3326794,,,,,3326794
Vanuatu,Ministry of Commerce Industry Tourism and Ni-Vanuatu Business,Tourism Development,Tourism Development,Product Development Section,4409338,,,,,4409338
Vanuatu,Ministry of Commerce Industry Tourism and Ni-Vanuatu Business,Tourism Development,Tourism Development,Policy & Administration,6510236,,,,,6510236
Vanuatu,Ministry of Commerce Industry Tourism and Ni-Vanuatu Business,Tourism Development,Tourism Development,Tourism Investment Promotion & Facilitation,4332768,,,,,4332768
Vanuatu,Ministry of Commerce Industry Tourism and Ni-Vanuatu Business,Tourism Development,Tourism Development,Penama Provincial Tourism Office,0,,,,,0
Vanuatu,Ministry of Commerce Industry Tourism and Ni-Vanuatu Business,Tourism Development,Tourism Development,Outer Islands Development,4350957,,,,,4350957
Vanuatu,Ministry of Commerce Industry Tourism and Ni-Vanuatu Business,Tourism Development,Tourism Development,Tourism Accredition & Classification,0,,,,,0
Vanuatu,Ministry of Commerce Industry Tourism and Ni-Vanuatu Business,Tourism Development,Tourism Standards,,4230794,,,,,4230794
Vanuatu,Ministry of Commerce Industry Tourism and Ni-Vanuatu Business,Tourism Development,Provincial Tourism Development,Shefa Provincial Tourism Office,2225645,,,,,2225645
Vanuatu,Ministry of Commerce Industry Tourism and Ni-Vanuatu Business,Tourism Development,Tourism Development,Tafea Provincial Tourism Office,0,,,,,0
Vanuatu,Ministry of Commerce Industry Tourism and Ni-Vanuatu Business,Tourism Development,Tourism Development,Malampa Provincial Tourism Office,0,,,,,0
Vanuatu,Ministry of Commerce Industry Tourism and Ni-Vanuatu Business,Tourism Development,Tourism Development,Sanma Provincial Tourism Office,0,,,,,0
Vanuatu,Ministry of Commerce Industry Tourism and Ni-Vanuatu Business,Tourism Development,Provincial Tourism Development,Torba Provincial Tourism Office,2216382,,,,,2216382
Vanuatu,Ministry of Commerce Industry Tourism and Ni-Vanuatu Business,Ni-Vanuatu Business Development,Ni-Vanuatu Business Development,Cooperative Policy & Administration,11724520,,,,,11724520
Vanuatu,Ministry of Commerce Industry Tourism and Ni-Vanuatu Business,Ni-Vanuatu Business Development,Ni-Vanuatu Business Development,Education & Training Section,10382683,,,,,10382683
Vanuatu,Ministry of Commerce Industry Tourism and Ni-Vanuatu Business,Ni-Vanuatu Business Development,Ni-Vanuatu Business Development,Shefa Provincial Coop Office,6288008,,,,,6288008
Vanuatu,Ministry of Commerce Industry Tourism and Ni-Vanuatu Business,Ni-Vanuatu Business Development,Ni-Vanuatu Business Development,Malampa Provincial Coop Office,6133327,,,,,6133327
Vanuatu,Ministry of Commerce Industry Tourism and Ni-Vanuatu Business,Ni-Vanuatu Business Development,Ni-Vanuatu Business Development,Tafea Provincial Coop Office,6401282,,,,,6401282
Vanuatu,Ministry of Commerce Industry Tourism and Ni-Vanuatu Business,Ni-Vanuatu Business Development,Ni-Vanuatu Business Development,Torba Provincial Coop Office,5742001,,,,,5742001
Vanuatu,Ministry of Commerce Industry Tourism and Ni-Vanuatu Business,Ni-Vanuatu Business Development,Ni-Vanuatu Business Development,Penama Provincial Coop Office,5425772,,,,,5425772
Vanuatu,Ministry of Commerce Industry Tourism and Ni-Vanuatu Business,Ni-Vanuatu Business Development,Ni-Vanuatu Business Development,Sanma Provincial Coop Office,6260562,,,,,6260562
Vanuatu,Ministry of Commerce Industry Tourism and Ni-Vanuatu Business,Ni-Vanuatu Business Development,Cooperatives Development,,0,,,,,0
Vanuatu,Ministry of Health,Executive Management and Corporate Services,Ministry Executive,,12638709,,,,,12638709
Vanuatu,Ministry of Health,Executive Management and Corporate Services,Corporate Services,Planning & Administration,99215181,,,,,99215181
Vanuatu,Ministry of Health,Executive Management and Corporate Services,Health Sector Human Resource Development,,67087403,,,,,67087403
Vanuatu,Ministry of Health,Health Services,Hospital Services,Director - Curative & Hospital Services,9097194,,,,,9097194
Vanuatu,Ministry of Health,Health Services,Hospital Services,Doctors Visitations & Hospital Referral of Patients,24297530,,,,,24297530
Vanuatu,Ministry of Health,Health Services,Hospital Services,Director - Southern Health Care,0,,,,,0
Vanuatu,Ministry of Health,Health Services,Hospital Services,Vila Central Hospital,387103267,,,,,387103267
Vanuatu,Ministry of Health,Health Services,Hospital Services,Lenakel Hospital,58894795,,,,,58894795
Vanuatu,Ministry of Health,Health Services,Hospital Services,Director - Northern Health Care,0,,,,,0
Vanuatu,Ministry of Health,Health Services,Hospital Services,Northern District Hospital,213517610,,,,,213517610
Vanuatu,Ministry of Health,Health Services,Hospital Services,Torba Hospital,8764613,,,,,8764613
Vanuatu,Ministry of Health,Health Services,Hospital Services,Norsup Hospital,56779743,,,,,56779743
Vanuatu,Ministry of Health,Health Services,Hospital Services,Lolowai Hospital,34048265,,,,,34048265
Vanuatu,Ministry of Health,Health Services,Community Health Services,Community Health Tafea Province,37931365,,,,,37931365
Vanuatu,Ministry of Health,Health Services,Community Health Services,Community Health Torba Province,32227957,,,,,32227957
Vanuatu,Ministry of Health,Health Services,Community Health Services,Community Health Sanma Province,57827657,,,,,57827657
Vanuatu,Ministry of Health,Health Services,Community Health Services,Community Health Malampa Province,66751429,,,,,66751429
Vanuatu,Ministry of Health,Health Services,Community Health Services,Community Health Shefa Province,55198285,,,,,55198285
Vanuatu,Ministry of Health,Health Services,Community Health Services,Community Health Penama Province,53415630,,,,,53415630
Vanuatu,Ministry of Health,Executive Management and Corporate Services,Corporate Services,Community Health Malampa Province,0,,,,,0
Vanuatu,Ministry of Health,Executive Management and Corporate Services,Corporate Services,Director of Public Health,0,,,,,0
Vanuatu,Ministry of Health,Health Services,Public Health Services,Health Promotion,8279948,,,,,8279948
Vanuatu,Ministry of Health,Health Services,Public Health Services,Malaria & Other Vector-Borne Diseases,10382953,,,,,10382953
Vanuatu,Ministry of Health,Health Services,Public Health Services,Nutrition,2717947,,,,,2717947
Vanuatu,Ministry of Health,Health Services,Public Health Services,NCD & Mental Health,4627116,,,,,4627116
Vanuatu,Ministry of Health,Health Services,Public Health Services,IMCI,2444735,,,,,2444735
Vanuatu,Ministry of Health,Health Services,Public Health Services,EPI,3178461,,,,,3178461
Vanuatu,Ministry of Health,Health Services,Public Health Services,TB/Leprosy,3665235,,,,,3665235
Vanuatu,Ministry of Health,Health Services,Public Health Services,Reproductive Health & Family Planning,3792422,,,,,3792422
Vanuatu,Ministry of Health,Health Services,Public Health Services,STI & HIV/AIDS,1753579,,,,,1753579
Vanuatu,Ministry of Health,Health Services,Public Health Services,Environmental Health,9127095,,,,,9127095
Vanuatu,Ministry of Health,Health Services,Public Health Services,Neglected Tropical Diseases,843898,,,,,843898
Vanuatu,Ministry of Health,Health Services,Public Health Services,Disease Surveillance & Response,1467648,,,,,1467648
Vanuatu,Ministry of Health,Health Services,Medical Supplies Stock,Management of Medical Supplies,19418294,,,,,19418294
Vanuatu,Ministry of Health,Health Services,Medical Supplies Stock,Purchase of Drugs,200000000,,,,,200000000
Vanuatu,Ministry of Agriculture Livestock Forestry Fisheries and Biosecurity,Executive Management and Corporate Services,Office of the Director General,,20108016,,,,,20108016
Vanuatu,Ministry of Agriculture Livestock Forestry Fisheries and Biosecurity,Executive Management and Corporate Services,Corporate Services,Livestock Production,20017208,,,,,20017208
Vanuatu,Ministry of Agriculture Livestock Forestry Fisheries and Biosecurity,Executive Management and Corporate Services,Corporate Services,Livestock Production North,7031370,,,,,7031370
Vanuatu,Ministry of Agriculture Livestock Forestry Fisheries and Biosecurity,Agricultural and Rural Development,Commodities,Commodities,49303276,,,,,49303276
Vanuatu,Ministry of Agriculture Livestock Forestry Fisheries and Biosecurity,Agricultural and Rural Development,Food Production,,18162316,,,,,18162316
Vanuatu,Ministry of Agriculture Livestock Forestry Fisheries and Biosecurity,Agricultural and Rural Development,Information,,9154783,,,,,9154783
Vanuatu,Ministry of Agriculture Livestock Forestry Fisheries and Biosecurity,Agricultural and Rural Development,Policy and Administration,Policy and Administration,33909360,,,,,33909360
Vanuatu,Ministry of Agriculture Livestock Forestry Fisheries and Biosecurity,Agricultural and Rural Development,Policy and Administration,Agribusiness Support,0,,,,,0
Vanuatu,Ministry of Agriculture Livestock Forestry Fisheries and Biosecurity,Vanuatu Quarantine and Inspection Service,Biosecurity Administration,,16092465,,,,,16092465
Vanuatu,Ministry of Agriculture Livestock Forestry Fisheries and Biosecurity,Vanuatu Quarantine and Inspection Service,Veterinary Contract,,26086047,,,,,26086047
Vanuatu,Ministry of Agriculture Livestock Forestry Fisheries and Biosecurity,Vanuatu Quarantine and Inspection Service,Biosecurity Operations South,,29634926,,,,,29634926
Vanuatu,Ministry of Agriculture Livestock Forestry Fisheries and Biosecurity,Vanuatu Quarantine and Inspection Service,Biosecurity Operations North,,11425740,,,,,11425740
Vanuatu,Ministry of Agriculture Livestock Forestry Fisheries and Biosecurity,Vanuatu Quarantine and Inspection Service,Livestock Production,Livestock Division,0,,,,,0
Vanuatu,Ministry of Agriculture Livestock Forestry Fisheries and Biosecurity,Vanuatu Quarantine and Inspection Service,Livestock Production,Livestock Production North,0,,,,,0
Vanuatu,Ministry of Agriculture Livestock Forestry Fisheries and Biosecurity,Vanuatu Quarantine and Inspection Service,Plant Health,,6731822,,,,,6731822
Vanuatu,Ministry of Agriculture Livestock Forestry Fisheries and Biosecurity,Fisheries,Research and Production,,0,,,,,0
Vanuatu,Ministry of Agriculture Livestock Forestry Fisheries and Biosecurity,Fisheries,Fisheries Administration,,23101024,,,,,23101024
Vanuatu,Ministry of Agriculture Livestock Forestry Fisheries and Biosecurity,Fisheries,Fisheries Research and Aquaculture,,11828004,,,,,11828004
Vanuatu,Ministry of Agriculture Livestock Forestry Fisheries and Biosecurity,Fisheries,Fisheries Compliance and Licensing,,31709753,,,,,31709753
Vanuatu,Ministry of Agriculture Livestock Forestry Fisheries and Biosecurity,Fisheries,Fisheries Development and Capture,Provincial Fisheries Centre - SHEFA,7315750,,,,,7315750
Vanuatu,Ministry of Agriculture Livestock Forestry Fisheries and Biosecurity,Fisheries,Fisheries Development and Capture,Provincial Fisheries Centre - SANMA,4356530,,,,,4356530
Vanuatu,Ministry of Agriculture Livestock Forestry Fisheries and Biosecurity,Fisheries,Fisheries Development and Capture,Provincial Fisheries Centre - MALAMPA,1522664,,,,,1522664
Vanuatu,Ministry of Agriculture Livestock Forestry Fisheries and Biosecurity,Fisheries,Fisheries Development and Capture,Provincial Fisheries Centre - TORBA,1801124,,,,,1801124
Vanuatu,Ministry of Agriculture Livestock Forestry Fisheries and Biosecurity,Fisheries,Fisheries Development and Capture,Provincial Fisheries Centre - PENAMA,1507791,,,,,1507791
Vanuatu,Ministry of Agriculture Livestock Forestry Fisheries and Biosecurity,Fisheries,Fisheries Development and Capture,Provincial Fisheries Centre - TAFEA,1682831,,,,,1682831
Vanuatu,Ministry of Agriculture Livestock Forestry Fisheries and Biosecurity,Fisheries,Fisheries Development and Capture,Fisheries Boat Yard,6185822,,,,,6185822
Vanuatu,Ministry of Agriculture Livestock Forestry Fisheries and Biosecurity,Fisheries,Fisheries Policy and Management,,9370729,,,,,9370729
Vanuatu,Ministry of Agriculture Livestock Forestry Fisheries and Biosecurity,Fisheries,Seafood Verification,,9246794,,,,,9246794
Vanuatu,Ministry of Agriculture Livestock Forestry Fisheries and Biosecurity,Forestry,Forestry,Sustainability,33189575,,,,,33189575
Vanuatu,Ministry of Agriculture Livestock Forestry Fisheries and Biosecurity,Forestry,Forestry,Value Adding and Processing,5077450,,,,,5077450
Vanuatu,Ministry of Agriculture Livestock Forestry Fisheries and Biosecurity,Forestry,Forestry,Research,9514881,,,,,9514881
Vanuatu,Ministry of Agriculture Livestock Forestry Fisheries and Biosecurity,Forestry,Forestry,Policy & Planning,10335826,,,,,10335826
Vanuatu,Ministry of Agriculture Livestock Forestry Fisheries and Biosecurity,Livestock,Livestock Production Malampa,,2562648,,,,,2562648
Vanuatu,Ministry of Agriculture Livestock Forestry Fisheries and Biosecurity,Livestock,Livestock Production Tafea,,6714259,,,,,6714259
Vanuatu,Ministry of Agriculture Livestock Forestry Fisheries and Biosecurity,Livestock,Livestock Production Torba,,2276119,,,,,2276119
Vanuatu,Ministry of Agriculture Livestock Forestry Fisheries and Biosecurity,Livestock,Livestock Production Sanma,,5060107,,,,,5060107
Vanuatu,Ministry of Agriculture Livestock Forestry Fisheries and Biosecurity,Livestock,Livestock Production Penama,,2612098,,,,,2612098
Vanuatu,Ministry of Agriculture Livestock Forestry Fisheries and Biosecurity,Livestock,Livestock Production Shefa,,7837145,,,,,7837145
Vanuatu,Ministry of Lands Geology and Mines,Executive Management and Corporate Services,Executive Management,Executive Management,12767238,,,,,12767238
Vanuatu,Ministry of Lands Geology and Mines,Executive Management and Corporate Services,Executive Management,Corporate Services Unit,633767,,,,,633767
Vanuatu,Ministry of Lands Geology and Mines,Executive Management and Corporate Services,Corporate Services,Land Reform Package,38338164,,,,,38338164
Vanuatu,Ministry of Lands Geology and Mines,Executive Management and Corporate Services,Corporate Services,Human Resource Management,2939904,,,,,2939904
Vanuatu,Ministry of Lands Geology and Mines,Executive Management and Corporate Services,Corporate Services,Information Technology,7392176,,,,,7392176
Vanuatu,Ministry of Lands Geology and Mines,Executive Management and Corporate Services,Corporate Services,,59420919,,,,,59420919
Vanuatu,Ministry of Lands Geology and Mines,Environment,Environmental management research and extension Services,,0,,,,,0
Vanuatu,Ministry of Lands Geology and Mines,Lands Management,Land Survey,Land Survey Unit,23388949,,,,,23388949
Vanuatu,Ministry of Lands Geology and Mines,Lands Management,Land Survey,,23696116,,,,,23696116
Vanuatu,Ministry of Lands Geology and Mines,Lands Management,Land Use Planning,Urban & Rural Lands Unit,7829176,,,,,7829176
Vanuatu,Ministry of Lands Geology and Mines,Lands Management,Land Use Planning,Valuer General,0,,,,,0
Vanuatu,Ministry of Lands Geology and Mines,Lands Management,Lease Management,Santo Office,8458705,,,,,8458705
Vanuatu,Ministry of Lands Geology and Mines,Lands Management,Lease Management,Enforcement & Compliance,3874114,,,,,3874114
Vanuatu,Ministry of Lands Geology and Mines,Lands Management,Lease Management,Land Records Unit,18184562,,,,,18184562
Vanuatu,Ministry of Lands Geology and Mines,Lands Management,Customary Land Registration,,0,,,,,0
Vanuatu,Ministry of Lands Geology and Mines,Executive Management and Corporate Services,Corporate Services,Geology & Mines - Minerals,0,,,,,0
Vanuatu,Ministry of Lands Geology and Mines,Geology and Mines,Mines and Minerals,,13837113,,,,,13837113
Vanuatu,Ministry of Lands Geology and Mines,Water Resources,Rural Water Supply,Geology & Mines - Rural Water Supply,17498010,,,,,17498010
Vanuatu,Ministry of Lands Geology and Mines,Water Resources,Water Resource Management,Geology & Mines - Water Resources,8898087,,,,,8898087
Vanuatu,Ministry of Lands Geology and Mines,Land Valuation Services,Valuer General's Office,,7441354,,,,,7441354
Vanuatu,Ministry of Infrastructure and Public Utilities,Shipping Services,Ports & Marine,,111633722,,,,,111633722
Vanuatu,Ministry of Infrastructure and Public Utilities,Shipping Services,Government Contribution for Projects,,232859496,,,,,232859496
Vanuatu,Ministry of Infrastructure and Public Utilities,Shipping Services,Tug boat Maintenance,,15315000,,,,,15315000
Vanuatu,Ministry of Infrastructure and Public Utilities,Public Works,Development and Maintenance of Government Infrastructure,Head Office,94308059,,,,,94308059
Vanuatu,Ministry of Infrastructure and Public Utilities,Public Works,Development and Maintenance of Government Infrastructure,Project Management Unit,9700000,,,,,9700000
Vanuatu,Ministry of Infrastructure and Public Utilities,Public Works,Development and Maintenance of Government Infrastructure,Shefa Division,43181794,,,,,43181794
Vanuatu,Ministry of Infrastructure and Public Utilities,Public Works,Development and Maintenance of Government Infrastructure,Sanma Division,55851249,,,,,55851249
Vanuatu,Ministry of Infrastructure and Public Utilities,Public Works,Development and Maintenance of Government Infrastructure,Malampa Division,38229325,,,,,38229325
Vanuatu,Ministry of Infrastructure and Public Utilities,Public Works,Development and Maintenance of Government Infrastructure,Tafea Division,38118743,,,,,38118743
Vanuatu,Ministry of Infrastructure and Public Utilities,Public Works,Development and Maintenance of Government Infrastructure,Penama Division,30609006,,,,,30609006
Vanuatu,Ministry of Infrastructure and Public Utilities,Public Works,Development and Maintenance of Government Infrastructure,Torba Division,14665042,,,,,14665042
Vanuatu,Ministry of Infrastructure and Public Utilities,Public Works,Development and Maintenance of Government Infrastructure,Outer Island Airports Maintenance,51604000,,,,,51604000
Vanuatu,Ministry of Infrastructure and Public Utilities,Public Works,Development and Maintenance of Government Infrastructure,Provincial Water Supply,45590000,,,,,45590000
Vanuatu,Ministry of Infrastructure and Public Utilities,Public Works,Development and Maintenance of Government Infrastructure,MCA Maintenance,0,,,,,0
Vanuatu,Ministry of Infrastructure and Public Utilities,Public Works,Government Contributions to Projects,,575218425,,,,,575218425
Vanuatu,Ministry of Foreign Affairs and External Trade,Dept of Foreign Affairs,Permanent Mission to the United States,,38427006,,,,,38427006
Vanuatu,Ministry of Foreign Affairs and External Trade,Dept of Foreign Affairs,Consul Noumea,,10751548,,,,,10751548
Vanuatu,Ministry of Foreign Affairs and External Trade,Dept of Foreign Affairs,Embassy Brussels,,22124797,,,,,22124797
Vanuatu,Ministry of Foreign Affairs and External Trade,Dept of Foreign Affairs,Embassy Beijing,,25484492,,,,,25484492
Vanuatu,Ministry of Foreign Affairs and External Trade,Dept of Foreign Affairs,Consulate Auckland,,10466494,,,,,10466494
Vanuatu,Ministry of Foreign Affairs and External Trade,Dept of Foreign Affairs,High Commission Suva,,10075200,,,,,10075200
Vanuatu,Ministry of Foreign Affairs and External Trade,Dept of Foreign Affairs,Canberra Mission,,26006221,,,,,26006221
Vanuatu,Ministry of Foreign Affairs and External Trade,Dept of Foreign Affairs,Honorary Consuls,,4235777,,,,,4235777
Vanuatu,Ministry of Foreign Affairs and External Trade,Dept of Foreign Affairs,Protocol & Consular,,485000,,,,,485000
Vanuatu,Ministry of Foreign Affairs and External Trade,Dept of Foreign Affairs,International Organisations,,30000000,,,,,30000000
Vanuatu,Ministry of Foreign Affairs and External Trade,Dept of Foreign Affairs,Corporate Services,,53905397,,,,,53905397
Vanuatu,Ministry of Foreign Affairs and External Trade,Dept of Foreign Affairs,Grant to MSG,,18000000,,,,,18000000
Vanuatu,Ministry of Foreign Affairs and External Trade,Trade Development and Facilitation,Industry and Commerce,,0,,,,,0
Vanuatu,Ministry of Foreign Affairs and External Trade,Trade Development and Facilitation,External Trade Policy and Administration,,0,,,,,0
Vanuatu,Ministry of Cooperatives and Ni-Vanuatu Business Development Services,Portfolio Coordination,Portfolio Coordination,Cabinet Operations,0,,,,,0
Vanuatu,Ministry of Youth Development and Training,Youth Development Sport & Recreation,Executive Management & Support Services,Support Services Unit,11542444,,,,,11542444
Vanuatu,Ministry of Youth Development and Training,Youth Development Sport & Recreation,Executive Management & Support Services,Office of Youth Development Sport & Training,17465382,,,,,17465382
Vanuatu,Ministry of Youth Development and Training,Youth Development Sport & Recreation,Contribution to Sport & Youth Development,National Sport Gymnasium,10000000,,,,,10000000
Vanuatu,Ministry of Youth Development and Training,Youth Development Sport & Recreation,Contribution to Sport & Youth Development,Contribution to Youth & Sport Development,33463103,,,,,33463103
Vanuatu,Ministry of Youth Development and Training,TVET & Employment Opportunities,Office of Technical Vocational Education and Training & Employment Opportunities,,4834298,,,,,4834298
Vanuatu,Ministry of Youth Development and Training,TVET & Employment Opportunities,Vanuatu National Training Council,,20000000,,,,,20000000
Vanuatu,Ministry of Youth Development and Training,TVET & Employment Opportunities,Non & Informal Education Development,,3276500,,,,,3276500
Vanuatu,Ministry of Youth Development and Training,Provincial Grants Youth Development,Grant for TORBA Province Youth Development Sport and Training Officer,,860300,,,,,860300
Vanuatu,Ministry of Youth Development and Training,Provincial Grants Youth Development,Grant for SANMA Province Youth Development Sport and Training Officer,,860300,,,,,860300
Vanuatu,Ministry of Youth Development and Training,Provincial Grants Youth Development,Grant for MALAMPA Province Youth Development Sport and Training Officer,,879100,,,,,879100
Vanuatu,Ministry of Youth Development and Training,Provincial Grants Youth Development,Grant for PENAMA Province Youth Development Sport and Training Officer,,860300,,,,,860300
Vanuatu,Ministry of Youth Development and Training,Provincial Grants Youth Development,Grant for SHEFA Province Youth Development Sport and Training Officer,,860300,,,,,860300
Vanuatu,Ministry of Youth Development and Training,Provincial Grants Youth Development,Grant for TAFEA Province Youth Development Sport and Training Officer,,883800,,,,,883800
Vanuatu,Ministry of Justice and Community Service,Correctional Services,Correctional Services,Office of the Director,19906840,,,,,19906840
Vanuatu,Ministry of Justice and Community Service,Correctional Services,Correctional Services,Correctional Centre (North),44333061,,,,,44333061
Vanuatu,Ministry of Justice and Community Service,Correctional Services,Correctional Services,Probation (North),12135383,,,,,12135383
Vanuatu,Ministry of Justice and Community Service,Correctional Services,Correctional Services,Parole,733500,,,,,733500
Vanuatu,Ministry of Justice and Community Service,Correctional Services,Correctional Services,Correctonal Centre (South),87121223,,,,,87121223
Vanuatu,Ministry of Justice and Community Service,Correctional Services,Correctional Services,Probation (South),16458477,,,,,16458477
Vanuatu,Ministry of Climate Change Adaptation Geohazards Meteorology and Energy,Vanuatu Meteorological Services,Weather Forecasting Monitoring and Research,Weather Forcasting & Monitoring,937100,,,,,937100
Vanuatu,Ministry of Climate Change Adaptation Geohazards Meteorology and Energy,Vanuatu Meteorological Services,Weather Forecasting Monitoring and Research,ICT-Enginering,1035080,,,,,1035080
Vanuatu,Ministry of Climate Change Adaptation Geohazards Meteorology and Energy,Vanuatu Meteorological Services,Weather Forecasting Monitoring and Research,Climate Section,861010,,,,,861010
Vanuatu,Ministry of Climate Change Adaptation Geohazards Meteorology and Energy,Vanuatu Meteorological Services,Weather Forecasting Monitoring and Research,Observation Section,1764536,,,,,1764536
Vanuatu,Ministry of Climate Change Adaptation Geohazards Meteorology and Energy,Vanuatu Meteorological Services,Geo-hazard,,1117000,,,,,1117000
Vanuatu,Ministry of Climate Change Adaptation Geohazards Meteorology and Energy,Energy,Energy Management and assessment,,12829785,,,,,12829785
Vanuatu,Constitutional Agencies,Presidential Support,,,39616402,,,,,39616402
Vanuatu,Constitutional Agencies,Office of the Ombudsman,,,36503195,,,,,36503195
Vanuatu,Prime Ministers Ministry,Special Commissions,,,5471235,,,,,5471235
Vanuatu,Prime Ministers Ministry,Parliamentary Secretariat,,,13000000,,,,,13000000
Vanuatu,Ministry of Education,Teaching Services Commission & Other Education Commissions and Councils,,,103782955,,,,,103782955
Vanuatu,Ministry of Internal Affairs,Police Service Commission,,,7397977,,,,,7397977
Vanuatu,Payments on Behalf of Government,Public Debt Provisions,,,2586739713,,,,,2586739713
Vanuatu,Payments on Behalf of Government,Central Payments,,,130215728,,,,,130215728
Vanuatu,Payments on Behalf of Government,Former Leaders Payment,,,4850000,,,,,4850000
Vanuatu,Grants to Institutions,Vanuatu Tourism Office (VTO),,,159989780,,,,,159989780
Vanuatu,Grants to Institutions,Vanuatu Agricultural Research and Training Centre (VARTC),,,39692438,,,,,39692438
Vanuatu,Grants to Institutions,Vanuatu Broadcasting and Television Corporation (VBTC),,,60193317,,,,,60193317
Vanuatu,Grants to Institutions,Vanuatu Cultural Centre (VCC),,,26291633,,,,,26291633
Vanuatu,Grants to Institutions,Chamber of Commerce and Industry (CCI),,,30000000,,,,,30000000
Vanuatu,Grants to Institutions,Grant SPBEA and USP,,,134200000,,,,,134200000
Vanuatu,Grants to Institutions,Vanuatu Maritime Administration (VMA),,,15000000,,,,,15000000
Vanuatu,Grants to Institutions,Vanuatu Maritime College,,,41255243,,,,,41255243
Vanuatu,Grants to Institutions,Utility Regulatory Authority,,,22226099,,,,,22226099
Vanuatu,Grants to Institutions,Vanuatu Agriculture College,,,82800392,,,,,82800392
Vanuatu,Grants to Institutions,Grant to VIPA,,,38668264,,,,,38668264
Vanuatu,Grants to Institutions,Grant to Vanuatu National Archives,,,10400000,,,,,10400000
Vanuatu,Ministry of Infrastructure and Public Utilities,Ministerial  Cabinet Support,,,50782196,,,,,50782196
Vanuatu,Ministry of Infrastructure and Public Utilities,Civil Aviation Authority,,,55124534,,,,,55124534
Vanuatu,Ministry of Foreign Affairs and External Trade,External Trade Negotiation and Development,,,32908355,,,,,32908355
Vanuatu,Ministry of Youth Development and Training,Ministry Cabinet,,,37765921,,,,,37765921
Vanuatu,Ministry of Justice and Community Service,Womens Affairs,,,36799825,,,,,36799825
Vanuatu,Ministry of Justice and Community Service,Lands Tribunal,,,21100755,,,,,21100755
Vanuatu,Ministry of Justice and Community Service,Law Reform Commission,,,11231080,,,,,11231080
Vanuatu,Ministry of Climate Change Adaptation Geohazards Meteorology and Energy,Executive Management & Corporate Services,,,13656238,,,,,13656238
Vanuatu,Ministry of Climate Change Adaptation Geohazards Meteorology and Energy,National Disaster Management,,,24424224,,,,,24424224
Vanuatu,Ministry of Infrastructure and Public Utilities,Vanuatu Meterological Services,,,0,,,,,0
,,,,,,,,,,0